Area_Name,Year,Cases_Property_Stolen
Andaman & Nicobar Islands,2001,64
Andhra Pradesh,2001,7134
Arunachal Pradesh,2001,248
Assam,2001,2423
Bihar,2001,3231
Chandigarh,2001,364
Chhattisgarh,2001,4144
Dadra & Nagar Haveli,2001,34
Daman & Diu,2001,43
Delhi,2001,3029
Goa,2001,347
Gujarat,2001,4928
Haryana,2001,3098
Himachal Pradesh,2001,812
Jammu & Kashmir,2001,1345
Jharkhand,2001,1150
Karnataka,2001,6394
Kerala,2001,4185
Lakshadweep,2001,1
Madhya Pradesh,2001,13549
Maharashtra,2001,13881
Manipur,2001,75
Meghalaya,2001,170
Mizoram,2001,417
Nagaland,2001,84
Odisha,2001,3061
Puducherry,2001,111
Punjab,2001,1902
Rajasthan,2001,6867
Sikkim,2001,71
Tamil Nadu,2001,5919
Tripura,2001,198
Uttar Pradesh,2001,6953
Uttarakhand,2001,533
West Bengal,2001,426
Andaman & Nicobar Islands,2002,49
Andhra Pradesh,2002,7581
Arunachal Pradesh,2002,249
Assam,2002,2504
Bihar,2002,3182
Chandigarh,2002,336
Chhattisgarh,2002,3731
Dadra & Nagar Haveli,2002,38
Daman & Diu,2002,56
Delhi,2002,2360
Goa,2002,359
Gujarat,2002,5153
Haryana,2002,3048
Himachal Pradesh,2002,642
Jammu & Kashmir,2002,1321
Jharkhand,2002,1419
Karnataka,2002,6480
Kerala,2002,4447
Lakshadweep,2002,9
Madhya Pradesh,2002,13344
Maharashtra,2002,13273
Manipur,2002,44
Meghalaya,2002,153
Mizoram,2002,446
Nagaland,2002,110
Odisha,2002,2755
Puducherry,2002,129
Punjab,2002,1928
Rajasthan,2002,6300
Sikkim,2002,45
Tamil Nadu,2002,5492
Tripura,2002,192
Uttar Pradesh,2002,4861
Uttarakhand,2002,496
West Bengal,2002,348
Andaman & Nicobar Islands,2003,56
Andhra Pradesh,2003,8969
Arunachal Pradesh,2003,253
Assam,2003,2606
Bihar,2003,2986
Chandigarh,2003,204
Chhattisgarh,2003,3621
Dadra & Nagar Haveli,2003,41
Daman & Diu,2003,41
Delhi,2003,1898
Goa,2003,244
Gujarat,2003,5684
Haryana,2003,2967
Himachal Pradesh,2003,645
Jammu & Kashmir,2003,1526
Jharkhand,2003,1374
Karnataka,2003,6049
Kerala,2003,4164
Lakshadweep,2003,6
Madhya Pradesh,2003,12641
Maharashtra,2003,13202
Manipur,2003,68
Meghalaya,2003,160
Mizoram,2003,487
Nagaland,2003,82
Odisha,2003,2910
Puducherry,2003,126
Punjab,2003,2094
Rajasthan,2003,5779
Sikkim,2003,48
Tamil Nadu,2003,4849
Tripura,2003,167
Uttar Pradesh,2003,2928
Uttarakhand,2003,513
West Bengal,2003,342
Andaman & Nicobar Islands,2004,69
Andhra Pradesh,2004,8041
Arunachal Pradesh,2004,215
Assam,2004,2544
Bihar,2004,3175
Chandigarh,2004,186
Chhattisgarh,2004,3720
Dadra & Nagar Haveli,2004,20
Daman & Diu,2004,35
Delhi,2004,1875
Goa,2004,245
Gujarat,2004,5670
Haryana,2004,2779
Himachal Pradesh,2004,722
Jammu & Kashmir,2004,1420
Jharkhand,2004,1419
Karnataka,2004,6093
Kerala,2004,4359
Lakshadweep,2004,2
Madhya Pradesh,2004,12130
Maharashtra,2004,13896
Manipur,2004,66
Meghalaya,2004,130
Mizoram,2004,250
Nagaland,2004,52
Odisha,2004,2990
Puducherry,2004,86
Punjab,2004,1766
Rajasthan,2004,5619
Sikkim,2004,64
Tamil Nadu,2004,4147
Tripura,2004,166
Uttar Pradesh,2004,4192
Uttarakhand,2004,516
West Bengal,2004,547
Andaman & Nicobar Islands,2005,68
Andhra Pradesh,2005,7894
Arunachal Pradesh,2005,263
Assam,2005,2255
Bihar,2005,3117
Chandigarh,2005,223
Chhattisgarh,2005,3621
Dadra & Nagar Haveli,2005,25
Daman & Diu,2005,37
Delhi,2005,2093
Goa,2005,257
Gujarat,2005,5140
Haryana,2005,3425
Himachal Pradesh,2005,691
Jammu & Kashmir,2005,1397
Jharkhand,2005,1600
Karnataka,2005,5986
Kerala,2005,3914
Lakshadweep,2005,2
Madhya Pradesh,2005,11192
Maharashtra,2005,14735
Manipur,2005,62
Meghalaya,2005,137
Mizoram,2005,442
Nagaland,2005,93
Odisha,2005,3029
Puducherry,2005,67
Punjab,2005,1933
Rajasthan,2005,5003
Sikkim,2005,79
Tamil Nadu,2005,3738
Tripura,2005,170
Uttar Pradesh,2005,3496
Uttarakhand,2005,489
West Bengal,2005,739
Andaman & Nicobar Islands,2006,82
Andhra Pradesh,2006,8169
Arunachal Pradesh,2006,257
Assam,2006,2911
Bihar,2006,3531
Chandigarh,2006,189
Chhattisgarh,2006,3507
Dadra & Nagar Haveli,2006,41
Daman & Diu,2006,60
Delhi,2006,1950
Goa,2006,230
Gujarat,2006,5363
Haryana,2006,3996
Himachal Pradesh,2006,732
Jammu & Kashmir,2006,1351
Jharkhand,2006,1428
Karnataka,2006,5967
Kerala,2006,3948
Lakshadweep,2006,2
Madhya Pradesh,2006,10729
Maharashtra,2006,14723
Manipur,2006,55
Meghalaya,2006,140
Mizoram,2006,408
Nagaland,2006,68
Odisha,2006,3118
Puducherry,2006,84
Punjab,2006,2277
Rajasthan,2006,4879
Sikkim,2006,84
Tamil Nadu,2006,3300
Tripura,2006,182
Uttar Pradesh,2006,3545
Uttarakhand,2006,410
West Bengal,2006,601
Andaman & Nicobar Islands,2007,90
Andhra Pradesh,2007,7609
Arunachal Pradesh,2007,240
Assam,2007,2603
Bihar,2007,3259
Chandigarh,2007,191
Chhattisgarh,2007,3632
Dadra & Nagar Haveli,2007,28
Daman & Diu,2007,46
Delhi,2007,2055
Goa,2007,271
Gujarat,2007,4747
Haryana,2007,4231
Himachal Pradesh,2007,831
Jammu & Kashmir,2007,1458
Jharkhand,2007,1489
Karnataka,2007,5449
Kerala,2007,3824
Lakshadweep,2007,2
Madhya Pradesh,2007,11230
Maharashtra,2007,14771
Manipur,2007,70
Meghalaya,2007,203
Mizoram,2007,424
Nagaland,2007,118
Odisha,2007,3073
Puducherry,2007,86
Punjab,2007,2616
Rajasthan,2007,4951
Sikkim,2007,83
Tamil Nadu,2007,3717
Tripura,2007,193
Uttar Pradesh,2007,3869
Uttarakhand,2007,508
West Bengal,2007,399
Andaman & Nicobar Islands,2008,78
Andhra Pradesh,2008,8219
Arunachal Pradesh,2008,245
Assam,2008,3147
Bihar,2008,3414
Chandigarh,2008,257
Chhattisgarh,2008,4112
Dadra & Nagar Haveli,2008,49
Daman & Diu,2008,45
Delhi,2008,1926
Goa,2008,291
Gujarat,2008,4932
Haryana,2008,4249
Himachal Pradesh,2008,872
Jammu & Kashmir,2008,1332
Jharkhand,2008,1375
Karnataka,2008,6258
Kerala,2008,3533
Lakshadweep,2008,3
Madhya Pradesh,2008,11072
Maharashtra,2008,15170
Manipur,2008,76
Meghalaya,2008,166
Mizoram,2008,337
Nagaland,2008,120
Odisha,2008,3064
Puducherry,2008,90
Punjab,2008,2621
Rajasthan,2008,4526
Sikkim,2008,81
Tamil Nadu,2008,3849
Tripura,2008,218
Uttar Pradesh,2008,4142
Uttarakhand,2008,376
West Bengal,2008,462
Andaman & Nicobar Islands,2009,86
Andhra Pradesh,2009,7702
Arunachal Pradesh,2009,201
Assam,2009,3149
Bihar,2009,3566
Chandigarh,2009,241
Chhattisgarh,2009,3975
Dadra & Nagar Haveli,2009,43
Daman & Diu,2009,33
Delhi,2009,1733
Goa,2009,283
Gujarat,2009,4385
Haryana,2009,4077
Himachal Pradesh,2009,779
Jammu & Kashmir,2009,1550
Jharkhand,2009,1392
Karnataka,2009,6629
Kerala,2009,3301
Lakshadweep,2009,1
Madhya Pradesh,2009,10661
Maharashtra,2009,15145
Manipur,2009,68
Meghalaya,2009,135
Mizoram,2009,381
Nagaland,2009,82
Odisha,2009,2937
Puducherry,2009,71
Punjab,2009,2507
Rajasthan,2009,5022
Sikkim,2009,93
Tamil Nadu,2009,4221
Tripura,2009,230
Uttar Pradesh,2009,4084
Uttarakhand,2009,276
West Bengal,2009,329
Andaman & Nicobar Islands,2010,80
Andhra Pradesh,2010,8126
Arunachal Pradesh,2010,211
Assam,2010,3458
Bihar,2010,3437
Chandigarh,2010,236
Chhattisgarh,2010,3711
Dadra & Nagar Haveli,2010,25
Daman & Diu,2010,27
Delhi,2010,1502
Goa,2010,344
Gujarat,2010,3850
Haryana,2010,4445
Himachal Pradesh,2010,743
Jammu & Kashmir,2010,1385
Jharkhand,2010,1357
Karnataka,2010,6059
Kerala,2010,2468
Lakshadweep,2010,3
Madhya Pradesh,2010,9897
Maharashtra,2010,15724
Manipur,2010,66
Meghalaya,2010,154
Mizoram,2010,425
Nagaland,2010,62
Odisha,2010,2855
Puducherry,2010,72
Punjab,2010,2660
Rajasthan,2010,4454
Sikkim,2010,72
Tamil Nadu,2010,4715
Tripura,2010,217
Uttar Pradesh,2010,4073
Uttarakhand,2010,294
West Bengal,2010,388
Andaman & Nicobar Islands,2001,10
Andhra Pradesh,2001,316
Arunachal Pradesh,2001,41
Assam,2001,374
Bihar,2001,922
Chandigarh,2001,26
Chhattisgarh,2001,147
Dadra & Nagar Haveli,2001,13
Daman & Diu,2001,5
Delhi,2001,479
Goa,2001,20
Gujarat,2001,1348
Haryana,2001,530
Himachal Pradesh,2001,59
Jammu & Kashmir,2001,82
Jharkhand,2001,153
Karnataka,2001,427
Kerala,2001,279
Lakshadweep,2001,1
Madhya Pradesh,2001,481
Maharashtra,2001,1436
Manipur,2001,33
Meghalaya,2001,19
Mizoram,2001,22
Nagaland,2001,3
Odisha,2001,224
Puducherry,2001,5
Punjab,2001,368
Rajasthan,2001,626
Sikkim,2001,1
Tamil Nadu,2001,313
Tripura,2001,4
Uttar Pradesh,2001,991
Uttarakhand,2001,171
West Bengal,2001,486
Andaman & Nicobar Islands,2002,4
Andhra Pradesh,2002,382
Arunachal Pradesh,2002,23
Assam,2002,558
Bihar,2002,1214
Chandigarh,2002,35
Chhattisgarh,2002,92
Dadra & Nagar Haveli,2002,12
Daman & Diu,2002,5
Delhi,2002,444
Goa,2002,16
Gujarat,2002,1188
Haryana,2002,524
Himachal Pradesh,2002,67
Jammu & Kashmir,2002,91
Jharkhand,2002,333
Karnataka,2002,393
Kerala,2002,252
Lakshadweep,2002,0
Madhya Pradesh,2002,507
Maharashtra,2002,1392
Manipur,2002,28
Meghalaya,2002,8
Mizoram,2002,26
Nagaland,2002,10
Odisha,2002,202
Puducherry,2002,11
Punjab,2002,373
Rajasthan,2002,383
Sikkim,2002,1
Tamil Nadu,2002,82
Tripura,2002,12
Uttar Pradesh,2002,262
Uttarakhand,2002,0
West Bengal,2002,451
Andaman & Nicobar Islands,2003,3
Andhra Pradesh,2003,296
Arunachal Pradesh,2003,28
Assam,2003,611
Bihar,2003,1096
Chandigarh,2003,32
Chhattisgarh,2003,70
Dadra & Nagar Haveli,2003,8
Daman & Diu,2003,7
Delhi,2003,431
Goa,2003,43
Gujarat,2003,1545
Haryana,2003,518
Himachal Pradesh,2003,43
Jammu & Kashmir,2003,116
Jharkhand,2003,265
Karnataka,2003,438
Kerala,2003,229
Lakshadweep,2003,0
Madhya Pradesh,2003,393
Maharashtra,2003,1488
Manipur,2003,16
Meghalaya,2003,11
Mizoram,2003,19
Nagaland,2003,3
Odisha,2003,210
Puducherry,2003,12
Punjab,2003,343
Rajasthan,2003,85
Sikkim,2003,5
Tamil Nadu,2003,307
Tripura,2003,3
Uttar Pradesh,2003,143
Uttarakhand,2003,0
West Bengal,2003,378
Andaman & Nicobar Islands,2004,0
Andhra Pradesh,2004,353
Arunachal Pradesh,2004,26
Assam,2004,586
Bihar,2004,1696
Chandigarh,2004,23
Chhattisgarh,2004,84
Dadra & Nagar Haveli,2004,12
Daman & Diu,2004,3
Delhi,2004,445
Goa,2004,34
Gujarat,2004,1419
Haryana,2004,466
Himachal Pradesh,2004,84
Jammu & Kashmir,2004,105
Jharkhand,2004,333
Karnataka,2004,354
Kerala,2004,236
Lakshadweep,2004,0
Madhya Pradesh,2004,424
Maharashtra,2004,1371
Manipur,2004,25
Meghalaya,2004,23
Mizoram,2004,0
Nagaland,2004,10
Odisha,2004,249
Puducherry,2004,7
Punjab,2004,311
Rajasthan,2004,55
Sikkim,2004,4
Tamil Nadu,2004,200
Tripura,2004,17
Uttar Pradesh,2004,172
Uttarakhand,2004,0
West Bengal,2004,425
Andaman & Nicobar Islands,2005,8
Andhra Pradesh,2005,348
Arunachal Pradesh,2005,36
Assam,2005,487
Bihar,2005,1181
Chandigarh,2005,41
Chhattisgarh,2005,105
Dadra & Nagar Haveli,2005,12
Daman & Diu,2005,6
Delhi,2005,394
Goa,2005,42
Gujarat,2005,1242
Haryana,2005,492
Himachal Pradesh,2005,73
Jammu & Kashmir,2005,117
Jharkhand,2005,168
Karnataka,2005,434
Kerala,2005,278
Lakshadweep,2005,0
Madhya Pradesh,2005,489
Maharashtra,2005,1637
Manipur,2005,52
Meghalaya,2005,14
Mizoram,2005,10
Nagaland,2005,16
Odisha,2005,288
Puducherry,2005,8
Punjab,2005,301
Rajasthan,2005,61
Sikkim,2005,4
Tamil Nadu,2005,179
Tripura,2005,32
Uttar Pradesh,2005,356
Uttarakhand,2005,0
West Bengal,2005,528
Andaman & Nicobar Islands,2006,3
Andhra Pradesh,2006,396
Arunachal Pradesh,2006,45
Assam,2006,461
Bihar,2006,1042
Chandigarh,2006,59
Chhattisgarh,2006,130
Dadra & Nagar Haveli,2006,30
Daman & Diu,2006,9
Delhi,2006,442
Goa,2006,25
Gujarat,2006,1118
Haryana,2006,685
Himachal Pradesh,2006,123
Jammu & Kashmir,2006,121
Jharkhand,2006,292
Karnataka,2006,378
Kerala,2006,243
Lakshadweep,2006,0
Madhya Pradesh,2006,362
Maharashtra,2006,1643
Manipur,2006,32
Meghalaya,2006,16
Mizoram,2006,27
Nagaland,2006,16
Odisha,2006,272
Puducherry,2006,6
Punjab,2006,274
Rajasthan,2006,226
Sikkim,2006,10
Tamil Nadu,2006,131
Tripura,2006,23
Uttar Pradesh,2006,599
Uttarakhand,2006,0
West Bengal,2006,519
Andaman & Nicobar Islands,2007,7
Andhra Pradesh,2007,278
Arunachal Pradesh,2007,41
Assam,2007,653
Bihar,2007,1309
Chandigarh,2007,38
Chhattisgarh,2007,140
Dadra & Nagar Haveli,2007,17
Daman & Diu,2007,5
Delhi,2007,451
Goa,2007,25
Gujarat,2007,987
Haryana,2007,676
Himachal Pradesh,2007,104
Jammu & Kashmir,2007,58
Jharkhand,2007,207
Karnataka,2007,320
Kerala,2007,298
Lakshadweep,2007,0
Madhya Pradesh,2007,392
Maharashtra,2007,1621
Manipur,2007,19
Meghalaya,2007,16
Mizoram,2007,19
Nagaland,2007,11
Odisha,2007,319
Puducherry,2007,6
Punjab,2007,313
Rajasthan,2007,320
Sikkim,2007,7
Tamil Nadu,2007,256
Tripura,2007,42
Uttar Pradesh,2007,1566
Uttarakhand,2007,0
West Bengal,2007,669
Andaman & Nicobar Islands,2008,12
Andhra Pradesh,2008,329
Arunachal Pradesh,2008,43
Assam,2008,680
Bihar,2008,1352
Chandigarh,2008,37
Chhattisgarh,2008,146
Dadra & Nagar Haveli,2008,10
Daman & Diu,2008,4
Delhi,2008,355
Goa,2008,40
Gujarat,2008,917
Haryana,2008,763
Himachal Pradesh,2008,109
Jammu & Kashmir,2008,25
Jharkhand,2008,155
Karnataka,2008,360
Kerala,2008,319
Lakshadweep,2008,0
Madhya Pradesh,2008,450
Maharashtra,2008,1761
Manipur,2008,24
Meghalaya,2008,28
Mizoram,2008,28
Nagaland,2008,16
Odisha,2008,278
Puducherry,2008,13
Punjab,2008,236
Rajasthan,2008,255
Sikkim,2008,6
Tamil Nadu,2008,183
Tripura,2008,42
Uttar Pradesh,2008,2008
Uttarakhand,2008,0
West Bengal,2008,853
Andaman & Nicobar Islands,2009,7
Andhra Pradesh,2009,466
Arunachal Pradesh,2009,38
Assam,2009,802
Bihar,2009,1186
Chandigarh,2009,38
Chhattisgarh,2009,166
Dadra & Nagar Haveli,2009,17
Daman & Diu,2009,6
Delhi,2009,333
Goa,2009,46
Gujarat,2009,987
Haryana,2009,761
Himachal Pradesh,2009,88
Jammu & Kashmir,2009,36
Jharkhand,2009,442
Karnataka,2009,389
Kerala,2009,254
Lakshadweep,2009,0
Madhya Pradesh,2009,437
Maharashtra,2009,1735
Manipur,2009,19
Meghalaya,2009,26
Mizoram,2009,30
Nagaland,2009,6
Odisha,2009,175
Puducherry,2009,7
Punjab,2009,222
Rajasthan,2009,295
Sikkim,2009,4
Tamil Nadu,2009,205
Tripura,2009,52
Uttar Pradesh,2009,1176
Uttarakhand,2009,0
West Bengal,2009,896
Andaman & Nicobar Islands,2010,10
Andhra Pradesh,2010,417
Arunachal Pradesh,2010,59
Assam,2010,992
Bihar,2010,1071
Chandigarh,2010,23
Chhattisgarh,2010,196
Dadra & Nagar Haveli,2010,12
Daman & Diu,2010,4
Delhi,2010,273
Goa,2010,45
Gujarat,2010,997
Haryana,2010,743
Himachal Pradesh,2010,71
Jammu & Kashmir,2010,36
Jharkhand,2010,399
Karnataka,2010,380
Kerala,2010,264
Lakshadweep,2010,0
Madhya Pradesh,2010,371
Maharashtra,2010,1812
Manipur,2010,24
Meghalaya,2010,32
Mizoram,2010,25
Nagaland,2010,13
Odisha,2010,239
Puducherry,2010,12
Punjab,2010,227
Rajasthan,2010,241
Sikkim,2010,1
Tamil Nadu,2010,156
Tripura,2010,44
Uttar Pradesh,2010,864
Uttarakhand,2010,0
West Bengal,2010,997
Andaman & Nicobar Islands,2001,0
Andhra Pradesh,2001,203
Arunachal Pradesh,2001,22
Assam,2001,532
Bihar,2001,1290
Chandigarh,2001,5
Chhattisgarh,2001,87
Dadra & Nagar Haveli,2001,0
Daman & Diu,2001,0
Delhi,2001,48
Goa,2001,7
Gujarat,2001,313
Haryana,2001,76
Himachal Pradesh,2001,4
Jammu & Kashmir,2001,24
Jharkhand,2001,503
Karnataka,2001,178
Kerala,2001,140
Lakshadweep,2001,0
Madhya Pradesh,2001,166
Maharashtra,2001,523
Manipur,2001,20
Meghalaya,2001,96
Mizoram,2001,2
Nagaland,2001,9
Odisha,2001,195
Puducherry,2001,1
Punjab,2001,45
Rajasthan,2001,55
Sikkim,2001,0
Tamil Nadu,2001,158
Tripura,2001,26
Uttar Pradesh,2001,622
Uttarakhand,2001,32
West Bengal,2001,274
Andaman & Nicobar Islands,2002,1
Andhra Pradesh,2002,193
Arunachal Pradesh,2002,22
Assam,2002,473
Bihar,2002,1289
Chandigarh,2002,1
Chhattisgarh,2002,144
Dadra & Nagar Haveli,2002,1
Daman & Diu,2002,2
Delhi,2002,47
Goa,2002,5
Gujarat,2002,777
Haryana,2002,61
Himachal Pradesh,2002,0
Jammu & Kashmir,2002,42
Jharkhand,2002,580
Karnataka,2002,178
Kerala,2002,125
Lakshadweep,2002,0
Madhya Pradesh,2002,136
Maharashtra,2002,542
Manipur,2002,3
Meghalaya,2002,64
Mizoram,2002,5
Nagaland,2002,15
Odisha,2002,230
Puducherry,2002,2
Punjab,2002,50
Rajasthan,2002,45
Sikkim,2002,0
Tamil Nadu,2002,174
Tripura,2002,29
Uttar Pradesh,2002,327
Uttarakhand,2002,25
West Bengal,2002,204
Andaman & Nicobar Islands,2003,2
Andhra Pradesh,2003,173
Arunachal Pradesh,2003,37
Assam,2003,471
Bihar,2003,1221
Chandigarh,2003,3
Chhattisgarh,2003,140
Dadra & Nagar Haveli,2003,4
Daman & Diu,2003,4
Delhi,2003,28
Goa,2003,4
Gujarat,2003,330
Haryana,2003,63
Himachal Pradesh,2003,8
Jammu & Kashmir,2003,23
Jharkhand,2003,682
Karnataka,2003,220
Kerala,2003,118
Lakshadweep,2003,0
Madhya Pradesh,2003,153
Maharashtra,2003,504
Manipur,2003,3
Meghalaya,2003,83
Mizoram,2003,5
Nagaland,2003,19
Odisha,2003,176
Puducherry,2003,2
Punjab,2003,30
Rajasthan,2003,34
Sikkim,2003,2
Tamil Nadu,2003,95
Tripura,2003,36
Uttar Pradesh,2003,227
Uttarakhand,2003,18
West Bengal,2003,217
Andaman & Nicobar Islands,2004,0
Andhra Pradesh,2004,152
Arunachal Pradesh,2004,30
Assam,2004,360
Bihar,2004,1319
Chandigarh,2004,0
Chhattisgarh,2004,106
Dadra & Nagar Haveli,2004,3
Daman & Diu,2004,0
Delhi,2004,30
Goa,2004,5
Gujarat,2004,348
Haryana,2004,52
Himachal Pradesh,2004,1
Jammu & Kashmir,2004,28
Jharkhand,2004,580
Karnataka,2004,177
Kerala,2004,114
Lakshadweep,2004,0
Madhya Pradesh,2004,147
Maharashtra,2004,623
Manipur,2004,2
Meghalaya,2004,71
Mizoram,2004,10
Nagaland,2004,9
Odisha,2004,238
Puducherry,2004,0
Punjab,2004,17
Rajasthan,2004,54
Sikkim,2004,0
Tamil Nadu,2004,72
Tripura,2004,27
Uttar Pradesh,2004,254
Uttarakhand,2004,31
West Bengal,2004,212
Andaman & Nicobar Islands,2005,0
Andhra Pradesh,2005,245
Arunachal Pradesh,2005,23
Assam,2005,334
Bihar,2005,1212
Chandigarh,2005,0
Chhattisgarh,2005,204
Dadra & Nagar Haveli,2005,3
Daman & Diu,2005,4
Delhi,2005,27
Goa,2005,2
Gujarat,2005,277
Haryana,2005,87
Himachal Pradesh,2005,6
Jammu & Kashmir,2005,13
Jharkhand,2005,592
Karnataka,2005,208
Kerala,2005,97
Lakshadweep,2005,0
Madhya Pradesh,2005,147
Maharashtra,2005,625
Manipur,2005,4
Meghalaya,2005,63
Mizoram,2005,3
Nagaland,2005,12
Odisha,2005,184
Puducherry,2005,1
Punjab,2005,27
Rajasthan,2005,39
Sikkim,2005,2
Tamil Nadu,2005,73
Tripura,2005,22
Uttar Pradesh,2005,216
Uttarakhand,2005,44
West Bengal,2005,211
Andaman & Nicobar Islands,2006,0
Andhra Pradesh,2006,174
Arunachal Pradesh,2006,28
Assam,2006,319
Bihar,2006,1001
Chandigarh,2006,1
Chhattisgarh,2006,160
Dadra & Nagar Haveli,2006,5
Daman & Diu,2006,8
Delhi,2006,14
Goa,2006,7
Gujarat,2006,280
Haryana,2006,104
Himachal Pradesh,2006,7
Jammu & Kashmir,2006,10
Jharkhand,2006,534
Karnataka,2006,202
Kerala,2006,119
Lakshadweep,2006,0
Madhya Pradesh,2006,151
Maharashtra,2006,659
Manipur,2006,2
Meghalaya,2006,57
Mizoram,2006,4
Nagaland,2006,15
Odisha,2006,239
Puducherry,2006,2
Punjab,2006,35
Rajasthan,2006,35
Sikkim,2006,0
Tamil Nadu,2006,95
Tripura,2006,18
Uttar Pradesh,2006,107
Uttarakhand,2006,30
West Bengal,2006,177
Andaman & Nicobar Islands,2007,5
Andhra Pradesh,2007,138
Arunachal Pradesh,2007,16
Assam,2007,299
Bihar,2007,686
Chandigarh,2007,2
Chhattisgarh,2007,115
Dadra & Nagar Haveli,2007,1
Daman & Diu,2007,3
Delhi,2007,34
Goa,2007,7
Gujarat,2007,232
Haryana,2007,139
Himachal Pradesh,2007,4
Jammu & Kashmir,2007,11
Jharkhand,2007,523
Karnataka,2007,178
Kerala,2007,108
Lakshadweep,2007,0
Madhya Pradesh,2007,143
Maharashtra,2007,709
Manipur,2007,3
Meghalaya,2007,55
Mizoram,2007,0
Nagaland,2007,7
Odisha,2007,247
Puducherry,2007,1
Punjab,2007,37
Rajasthan,2007,71
Sikkim,2007,0
Tamil Nadu,2007,88
Tripura,2007,14
Uttar Pradesh,2007,125
Uttarakhand,2007,33
West Bengal,2007,146
Andaman & Nicobar Islands,2008,0
Andhra Pradesh,2008,108
Arunachal Pradesh,2008,14
Assam,2008,312
Bihar,2008,686
Chandigarh,2008,1
Chhattisgarh,2008,124
Dadra & Nagar Haveli,2008,1
Daman & Diu,2008,2
Delhi,2008,24
Goa,2008,2
Gujarat,2008,245
Haryana,2008,120
Himachal Pradesh,2008,6
Jammu & Kashmir,2008,2
Jharkhand,2008,416
Karnataka,2008,268
Kerala,2008,85
Lakshadweep,2008,0
Madhya Pradesh,2008,160
Maharashtra,2008,795
Manipur,2008,1
Meghalaya,2008,48
Mizoram,2008,2
Nagaland,2008,6
Odisha,2008,303
Puducherry,2008,10
Punjab,2008,40
Rajasthan,2008,59
Sikkim,2008,1
Tamil Nadu,2008,100
Tripura,2008,13
Uttar Pradesh,2008,103
Uttarakhand,2008,10
West Bengal,2008,184
Andaman & Nicobar Islands,2009,0
Andhra Pradesh,2009,101
Arunachal Pradesh,2009,20
Assam,2009,251
Bihar,2009,654
Chandigarh,2009,4
Chhattisgarh,2009,134
Dadra & Nagar Haveli,2009,9
Daman & Diu,2009,0
Delhi,2009,36
Goa,2009,4
Gujarat,2009,243
Haryana,2009,153
Himachal Pradesh,2009,4
Jammu & Kashmir,2009,1
Jharkhand,2009,412
Karnataka,2009,273
Kerala,2009,102
Lakshadweep,2009,3
Madhya Pradesh,2009,117
Maharashtra,2009,772
Manipur,2009,1
Meghalaya,2009,60
Mizoram,2009,2
Nagaland,2009,8
Odisha,2009,380
Puducherry,2009,7
Punjab,2009,37
Rajasthan,2009,53
Sikkim,2009,0
Tamil Nadu,2009,97
Tripura,2009,7
Uttar Pradesh,2009,149
Uttarakhand,2009,24
West Bengal,2009,214
Andaman & Nicobar Islands,2010,1
Andhra Pradesh,2010,133
Arunachal Pradesh,2010,15
Assam,2010,248
Bihar,2010,644
Chandigarh,2010,5
Chhattisgarh,2010,122
Dadra & Nagar Haveli,2010,2
Daman & Diu,2010,6
Delhi,2010,32
Goa,2010,2
Gujarat,2010,180
Haryana,2010,147
Himachal Pradesh,2010,2
Jammu & Kashmir,2010,5
Jharkhand,2010,335
Karnataka,2010,272
Kerala,2010,71
Lakshadweep,2010,0
Madhya Pradesh,2010,110
Maharashtra,2010,765
Manipur,2010,0
Meghalaya,2010,33
Mizoram,2010,3
Nagaland,2010,3
Odisha,2010,346
Puducherry,2010,2
Punjab,2010,65
Rajasthan,2010,36
Sikkim,2010,1
Tamil Nadu,2010,85
Tripura,2010,16
Uttar Pradesh,2010,170
Uttarakhand,2010,9
West Bengal,2010,288
Andaman & Nicobar Islands,2001,0
Andhra Pradesh,2001,360
Arunachal Pradesh,2001,20
Assam,2001,395
Bihar,2001,1164
Chandigarh,2001,2
Chhattisgarh,2001,366
Dadra & Nagar Haveli,2001,12
Daman & Diu,2001,7
Delhi,2001,1714
Goa,2001,34
Gujarat,2001,1243
Haryana,2001,326
Himachal Pradesh,2001,76
Jammu & Kashmir,2001,0
Jharkhand,2001,253
Karnataka,2001,325
Kerala,2001,1
Lakshadweep,2001,0
Madhya Pradesh,2001,1331
Maharashtra,2001,2491
Manipur,2001,91
Meghalaya,2001,32
Mizoram,2001,186
Nagaland,2001,133
Odisha,2001,187
Puducherry,2001,2
Punjab,2001,481
Rajasthan,2001,2341
Sikkim,2001,1
Tamil Nadu,2001,839
Tripura,2001,29
Uttar Pradesh,2001,991
Uttarakhand,2001,0
West Bengal,2001,2113
Andaman & Nicobar Islands,2002,0
Andhra Pradesh,2002,491
Arunachal Pradesh,2002,34
Assam,2002,572
Bihar,2002,1216
Chandigarh,2002,10
Chhattisgarh,2002,92
Dadra & Nagar Haveli,2002,8
Daman & Diu,2002,10
Delhi,2002,2703
Goa,2002,56
Gujarat,2002,1155
Haryana,2002,341
Himachal Pradesh,2002,66
Jammu & Kashmir,2002,0
Jharkhand,2002,182
Karnataka,2002,378
Kerala,2002,400
Lakshadweep,2002,0
Madhya Pradesh,2002,876
Maharashtra,2002,2803
Manipur,2002,93
Meghalaya,2002,32
Mizoram,2002,16
Nagaland,2002,56
Odisha,2002,22
Puducherry,2002,1
Punjab,2002,614
Rajasthan,2002,1073
Sikkim,2002,4
Tamil Nadu,2002,827
Tripura,2002,60
Uttar Pradesh,2002,815
Uttarakhand,2002,0
West Bengal,2002,5016
Andaman & Nicobar Islands,2003,0
Andhra Pradesh,2003,195
Arunachal Pradesh,2003,28
Assam,2003,562
Bihar,2003,1341
Chandigarh,2003,89
Chhattisgarh,2003,260
Dadra & Nagar Haveli,2003,12
Daman & Diu,2003,8
Delhi,2003,2611
Goa,2003,77
Gujarat,2003,1426
Haryana,2003,606
Himachal Pradesh,2003,63
Jammu & Kashmir,2003,0
Jharkhand,2003,219
Karnataka,2003,715
Kerala,2003,235
Lakshadweep,2003,0
Madhya Pradesh,2003,855
Maharashtra,2003,2978
Manipur,2003,78
Meghalaya,2003,19
Mizoram,2003,228
Nagaland,2003,76
Odisha,2003,59
Puducherry,2003,2
Punjab,2003,1033
Rajasthan,2003,2300
Sikkim,2003,4
Tamil Nadu,2003,104
Tripura,2003,25
Uttar Pradesh,2003,352
Uttarakhand,2003,0
West Bengal,2003,1470
Andaman & Nicobar Islands,2004,0
Andhra Pradesh,2004,192
Arunachal Pradesh,2004,26
Assam,2004,714
Bihar,2004,1384
Chandigarh,2004,101
Chhattisgarh,2004,1261
Dadra & Nagar Haveli,2004,22
Daman & Diu,2004,6
Delhi,2004,3097
Goa,2004,52
Gujarat,2004,1239
Haryana,2004,722
Himachal Pradesh,2004,78
Jammu & Kashmir,2004,0
Jharkhand,2004,182
Karnataka,2004,524
Kerala,2004,273
Lakshadweep,2004,0
Madhya Pradesh,2004,862
Maharashtra,2004,3344
Manipur,2004,52
Meghalaya,2004,21
Mizoram,2004,0
Nagaland,2004,11
Odisha,2004,27
Puducherry,2004,2
Punjab,2004,596
Rajasthan,2004,1116
Sikkim,2004,22
Tamil Nadu,2004,76
Tripura,2004,61
Uttar Pradesh,2004,741
Uttarakhand,2004,0
West Bengal,2004,1495
Andaman & Nicobar Islands,2005,0
Andhra Pradesh,2005,192
Arunachal Pradesh,2005,19
Assam,2005,693
Bihar,2005,1319
Chandigarh,2005,147
Chhattisgarh,2005,223
Dadra & Nagar Haveli,2005,10
Daman & Diu,2005,3
Delhi,2005,3514
Goa,2005,38
Gujarat,2005,1214
Haryana,2005,556
Himachal Pradesh,2005,70
Jammu & Kashmir,2005,0
Jharkhand,2005,146
Karnataka,2005,347
Kerala,2005,894
Lakshadweep,2005,0
Madhya Pradesh,2005,646
Maharashtra,2005,4205
Manipur,2005,20
Meghalaya,2005,19
Mizoram,2005,32
Nagaland,2005,13
Odisha,2005,34
Puducherry,2005,2
Punjab,2005,430
Rajasthan,2005,678
Sikkim,2005,0
Tamil Nadu,2005,74
Tripura,2005,30
Uttar Pradesh,2005,398
Uttarakhand,2005,0
West Bengal,2005,1420
Andaman & Nicobar Islands,2006,0
Andhra Pradesh,2006,196
Arunachal Pradesh,2006,16
Assam,2006,528
Bihar,2006,831
Chandigarh,2006,131
Chhattisgarh,2006,190
Dadra & Nagar Haveli,2006,10
Daman & Diu,2006,3
Delhi,2006,3596
Goa,2006,37
Gujarat,2006,1193
Haryana,2006,669
Himachal Pradesh,2006,54
Jammu & Kashmir,2006,0
Jharkhand,2006,426
Karnataka,2006,367
Kerala,2006,606
Lakshadweep,2006,0
Madhya Pradesh,2006,859
Maharashtra,2006,4189
Manipur,2006,151
Meghalaya,2006,10
Mizoram,2006,14
Nagaland,2006,6
Odisha,2006,93
Puducherry,2006,2
Punjab,2006,715
Rajasthan,2006,442
Sikkim,2006,0
Tamil Nadu,2006,160
Tripura,2006,212
Uttar Pradesh,2006,364
Uttarakhand,2006,0
West Bengal,2006,1466
Andaman & Nicobar Islands,2007,0
Andhra Pradesh,2007,254
Arunachal Pradesh,2007,11
Assam,2007,6004
Bihar,2007,658
Chandigarh,2007,193
Chhattisgarh,2007,142
Dadra & Nagar Haveli,2007,10
Daman & Diu,2007,6
Delhi,2007,3579
Goa,2007,36
Gujarat,2007,999
Haryana,2007,941
Himachal Pradesh,2007,75
Jammu & Kashmir,2007,418
Jharkhand,2007,188
Karnataka,2007,606
Kerala,2007,2665
Lakshadweep,2007,4
Madhya Pradesh,2007,798
Maharashtra,2007,4578
Manipur,2007,336
Meghalaya,2007,32
Mizoram,2007,102
Nagaland,2007,8
Odisha,2007,1203
Puducherry,2007,3
Punjab,2007,938
Rajasthan,2007,946
Sikkim,2007,0
Tamil Nadu,2007,102
Tripura,2007,20
Uttar Pradesh,2007,556
Uttarakhand,2007,0
West Bengal,2007,1889
Andaman & Nicobar Islands,2008,0
Andhra Pradesh,2008,663
Arunachal Pradesh,2008,45
Assam,2008,1177
Bihar,2008,1074
Chandigarh,2008,220
Chhattisgarh,2008,150
Dadra & Nagar Haveli,2008,24
Daman & Diu,2008,3
Delhi,2008,2870
Goa,2008,70
Gujarat,2008,887
Haryana,2008,986
Himachal Pradesh,2008,72
Jammu & Kashmir,2008,202
Jharkhand,2008,156
Karnataka,2008,503
Kerala,2008,2329
Lakshadweep,2008,0
Madhya Pradesh,2008,569
Maharashtra,2008,5195
Manipur,2008,356
Meghalaya,2008,275
Mizoram,2008,47
Nagaland,2008,5
Odisha,2008,90
Puducherry,2008,2
Punjab,2008,1110
Rajasthan,2008,182
Sikkim,2008,0
Tamil Nadu,2008,105
Tripura,2008,35
Uttar Pradesh,2008,264
Uttarakhand,2008,0
West Bengal,2008,2363
Andaman & Nicobar Islands,2009,0
Andhra Pradesh,2009,435
Arunachal Pradesh,2009,20
Assam,2009,763
Bihar,2009,1068
Chandigarh,2009,234
Chhattisgarh,2009,155
Dadra & Nagar Haveli,2009,20
Daman & Diu,2009,0
Delhi,2009,2345
Goa,2009,40
Gujarat,2009,806
Haryana,2009,1013
Himachal Pradesh,2009,92
Jammu & Kashmir,2009,176
Jharkhand,2009,247
Karnataka,2009,883
Kerala,2009,2365
Lakshadweep,2009,44
Madhya Pradesh,2009,768
Maharashtra,2009,5599
Manipur,2009,213
Meghalaya,2009,79
Mizoram,2009,35
Nagaland,2009,235
Odisha,2009,155
Puducherry,2009,2
Punjab,2009,1176
Rajasthan,2009,163
Sikkim,2009,0
Tamil Nadu,2009,111
Tripura,2009,45
Uttar Pradesh,2009,222
Uttarakhand,2009,0
West Bengal,2009,2263
Andaman & Nicobar Islands,2010,0
Andhra Pradesh,2010,840
Arunachal Pradesh,2010,32
Assam,2010,474
Bihar,2010,493
Chandigarh,2010,243
Chhattisgarh,2010,183
Dadra & Nagar Haveli,2010,18
Daman & Diu,2010,1
Delhi,2010,2624
Goa,2010,39
Gujarat,2010,720
Haryana,2010,1214
Himachal Pradesh,2010,45
Jammu & Kashmir,2010,6
Jharkhand,2010,428
Karnataka,2010,964
Kerala,2010,2590
Lakshadweep,2010,0
Madhya Pradesh,2010,539
Maharashtra,2010,6319
Manipur,2010,156
Meghalaya,2010,27
Mizoram,2010,89
Nagaland,2010,272
Odisha,2010,188
Puducherry,2010,0
Punjab,2010,1273
Rajasthan,2010,1568
Sikkim,2010,0
Tamil Nadu,2010,153
Tripura,2010,129
Uttar Pradesh,2010,467
Uttarakhand,2010,0
West Bengal,2010,1900
Andaman & Nicobar Islands,2001,4
Andhra Pradesh,2001,622
Arunachal Pradesh,2001,84
Assam,2001,687
Bihar,2001,2201
Chandigarh,2001,22
Chhattisgarh,2001,338
Dadra & Nagar Haveli,2001,2
Daman & Diu,2001,0
Delhi,2001,624
Goa,2001,24
Gujarat,2001,953
Haryana,2001,391
Himachal Pradesh,2001,26
Jammu & Kashmir,2001,161
Jharkhand,2001,469
Karnataka,2001,847
Kerala,2001,472
Lakshadweep,2001,0
Madhya Pradesh,2001,1764
Maharashtra,2001,2175
Manipur,2001,19
Meghalaya,2001,125
Mizoram,2001,11
Nagaland,2001,71
Odisha,2001,950
Puducherry,2001,4
Punjab,2001,131
Rajasthan,2001,752
Sikkim,2001,2
Tamil Nadu,2001,670
Tripura,2001,63
Uttar Pradesh,2001,3090
Uttarakhand,2001,191
West Bengal,2001,660
Andaman & Nicobar Islands,2002,7
Andhra Pradesh,2002,635
Arunachal Pradesh,2002,96
Assam,2002,607
Bihar,2002,2287
Chandigarh,2002,26
Chhattisgarh,2002,326
Dadra & Nagar Haveli,2002,1
Daman & Diu,2002,1
Delhi,2002,502
Goa,2002,22
Gujarat,2002,1069
Haryana,2002,330
Himachal Pradesh,2002,15
Jammu & Kashmir,2002,163
Jharkhand,2002,780
Karnataka,2002,972
Kerala,2002,590
Lakshadweep,2002,0
Madhya Pradesh,2002,1829
Maharashtra,2002,2091
Manipur,2002,6
Meghalaya,2002,109
Mizoram,2002,7
Nagaland,2002,108
Odisha,2002,934
Puducherry,2002,6
Punjab,2002,110
Rajasthan,2002,637
Sikkim,2002,4
Tamil Nadu,2002,651
Tripura,2002,56
Uttar Pradesh,2002,2232
Uttarakhand,2002,161
West Bengal,2002,544
Andaman & Nicobar Islands,2003,7
Andhra Pradesh,2003,640
Arunachal Pradesh,2003,60
Assam,2003,523
Bihar,2003,2463
Chandigarh,2003,12
Chhattisgarh,2003,331
Dadra & Nagar Haveli,2003,6
Daman & Diu,2003,1
Delhi,2003,441
Goa,2003,21
Gujarat,2003,1241
Haryana,2003,281
Himachal Pradesh,2003,17
Jammu & Kashmir,2003,154
Jharkhand,2003,808
Karnataka,2003,861
Kerala,2003,574
Lakshadweep,2003,0
Madhya Pradesh,2003,1577
Maharashtra,2003,2054
Manipur,2003,6
Meghalaya,2003,133
Mizoram,2003,21
Nagaland,2003,78
Odisha,2003,864
Puducherry,2003,11
Punjab,2003,108
Rajasthan,2003,579
Sikkim,2003,3
Tamil Nadu,2003,514
Tripura,2003,69
Uttar Pradesh,2003,1526
Uttarakhand,2003,140
West Bengal,2003,598
Andaman & Nicobar Islands,2004,3
Andhra Pradesh,2004,563
Arunachal Pradesh,2004,45
Assam,2004,505
Bihar,2004,2986
Chandigarh,2004,6
Chhattisgarh,2004,363
Dadra & Nagar Haveli,2004,2
Daman & Diu,2004,1
Delhi,2004,461
Goa,2004,17
Gujarat,2004,1113
Haryana,2004,244
Himachal Pradesh,2004,20
Jammu & Kashmir,2004,129
Jharkhand,2004,780
Karnataka,2004,1024
Kerala,2004,606
Lakshadweep,2004,0
Madhya Pradesh,2004,1526
Maharashtra,2004,2162
Manipur,2004,3
Meghalaya,2004,73
Mizoram,2004,6
Nagaland,2004,27
Odisha,2004,952
Puducherry,2004,1
Punjab,2004,78
Rajasthan,2004,611
Sikkim,2004,5
Tamil Nadu,2004,464
Tripura,2004,46
Uttar Pradesh,2004,2022
Uttarakhand,2004,134
West Bengal,2004,535
Andaman & Nicobar Islands,2005,4
Andhra Pradesh,2005,784
Arunachal Pradesh,2005,77
Assam,2005,451
Bihar,2005,2374
Chandigarh,2005,12
Chhattisgarh,2005,401
Dadra & Nagar Haveli,2005,2
Daman & Diu,2005,0
Delhi,2005,510
Goa,2005,25
Gujarat,2005,935
Haryana,2005,374
Himachal Pradesh,2005,22
Jammu & Kashmir,2005,116
Jharkhand,2005,698
Karnataka,2005,1202
Kerala,2005,544
Lakshadweep,2005,0
Madhya Pradesh,2005,1557
Maharashtra,2005,2362
Manipur,2005,8
Meghalaya,2005,83
Mizoram,2005,6
Nagaland,2005,80
Odisha,2005,998
Puducherry,2005,5
Punjab,2005,85
Rajasthan,2005,548
Sikkim,2005,4
Tamil Nadu,2005,437
Tripura,2005,61
Uttar Pradesh,2005,1621
Uttarakhand,2005,138
West Bengal,2005,426
Andaman & Nicobar Islands,2006,5
Andhra Pradesh,2006,669
Arunachal Pradesh,2006,74
Assam,2006,544
Bihar,2006,2169
Chandigarh,2006,34
Chhattisgarh,2006,439
Dadra & Nagar Haveli,2006,5
Daman & Diu,2006,1
Delhi,2006,541
Goa,2006,16
Gujarat,2006,932
Haryana,2006,408
Himachal Pradesh,2006,29
Jammu & Kashmir,2006,112
Jharkhand,2006,772
Karnataka,2006,1349
Kerala,2006,605
Lakshadweep,2006,0
Madhya Pradesh,2006,1770
Maharashtra,2006,2540
Manipur,2006,8
Meghalaya,2006,65
Mizoram,2006,10
Nagaland,2006,82
Odisha,2006,1184
Puducherry,2006,3
Punjab,2006,142
Rajasthan,2006,581
Sikkim,2006,9
Tamil Nadu,2006,450
Tripura,2006,71
Uttar Pradesh,2006,1565
Uttarakhand,2006,113
West Bengal,2006,426
Andaman & Nicobar Islands,2007,9
Andhra Pradesh,2007,604
Arunachal Pradesh,2007,75
Assam,2007,496
Bihar,2007,1787
Chandigarh,2007,37
Chhattisgarh,2007,427
Dadra & Nagar Haveli,2007,3
Daman & Diu,2007,2
Delhi,2007,557
Goa,2007,22
Gujarat,2007,1057
Haryana,2007,502
Himachal Pradesh,2007,23
Jammu & Kashmir,2007,107
Jharkhand,2007,771
Karnataka,2007,1307
Kerala,2007,726
Lakshadweep,2007,0
Madhya Pradesh,2007,1975
Maharashtra,2007,2732
Manipur,2007,11
Meghalaya,2007,56
Mizoram,2007,4
Nagaland,2007,74
Odisha,2007,1273
Puducherry,2007,8
Punjab,2007,138
Rajasthan,2007,723
Sikkim,2007,6
Tamil Nadu,2007,495
Tripura,2007,64
Uttar Pradesh,2007,1417
Uttarakhand,2007,144
West Bengal,2007,427
Andaman & Nicobar Islands,2008,14
Andhra Pradesh,2008,599
Arunachal Pradesh,2008,79
Assam,2008,568
Bihar,2008,1592
Chandigarh,2008,23
Chhattisgarh,2008,500
Dadra & Nagar Haveli,2008,0
Daman & Diu,2008,4
Delhi,2008,541
Goa,2008,23
Gujarat,2008,1302
Haryana,2008,555
Himachal Pradesh,2008,20
Jammu & Kashmir,2008,60
Jharkhand,2008,761
Karnataka,2008,1610
Kerala,2008,725
Lakshadweep,2008,0
Madhya Pradesh,2008,2234
Maharashtra,2008,2984
Manipur,2008,7
Meghalaya,2008,63
Mizoram,2008,6
Nagaland,2008,87
Odisha,2008,1315
Puducherry,2008,10
Punjab,2008,167
Rajasthan,2008,777
Sikkim,2008,7
Tamil Nadu,2008,662
Tripura,2008,95
Uttar Pradesh,2008,1404
Uttarakhand,2008,115
West Bengal,2008,613
Andaman & Nicobar Islands,2009,11
Andhra Pradesh,2009,536
Arunachal Pradesh,2009,55
Assam,2009,680
Bihar,2009,1619
Chandigarh,2009,27
Chhattisgarh,2009,554
Dadra & Nagar Haveli,2009,2
Daman & Diu,2009,4
Delhi,2009,515
Goa,2009,29
Gujarat,2009,1412
Haryana,2009,679
Himachal Pradesh,2009,21
Jammu & Kashmir,2009,61
Jharkhand,2009,780
Karnataka,2009,1825
Kerala,2009,725
Lakshadweep,2009,0
Madhya Pradesh,2009,2270
Maharashtra,2009,3281
Manipur,2009,3
Meghalaya,2009,67
Mizoram,2009,4
Nagaland,2009,92
Odisha,2009,1488
Puducherry,2009,9
Punjab,2009,171
Rajasthan,2009,828
Sikkim,2009,4
Tamil Nadu,2009,1143
Tripura,2009,77
Uttar Pradesh,2009,1629
Uttarakhand,2009,151
West Bengal,2009,751
Andaman & Nicobar Islands,2010,7
Andhra Pradesh,2010,533
Arunachal Pradesh,2010,69
Assam,2010,662
Bihar,2010,1538
Chandigarh,2010,67
Chhattisgarh,2010,552
Dadra & Nagar Haveli,2010,3
Daman & Diu,2010,0
Delhi,2010,599
Goa,2010,36
Gujarat,2010,1367
Haryana,2010,734
Himachal Pradesh,2010,11
Jammu & Kashmir,2010,56
Jharkhand,2010,709
Karnataka,2010,1949
Kerala,2010,524
Lakshadweep,2010,0
Madhya Pradesh,2010,1918
Maharashtra,2010,3680
Manipur,2010,2
Meghalaya,2010,66
Mizoram,2010,16
Nagaland,2010,63
Odisha,2010,1491
Puducherry,2010,5
Punjab,2010,241
Rajasthan,2010,872
Sikkim,2010,7
Tamil Nadu,2010,1817
Tripura,2010,63
Uttar Pradesh,2010,2007
Uttarakhand,2010,152
West Bengal,2010,798
Andaman & Nicobar Islands,2001,65
Andhra Pradesh,2001,16435
Arunachal Pradesh,2001,443
Assam,2001,5367
Bihar,2001,9695
Chandigarh,2001,1529
Chhattisgarh,2001,4812
Dadra & Nagar Haveli,2001,45
Daman & Diu,2001,39
Delhi,2001,19276
Goa,2001,572
Gujarat,2001,15625
Haryana,2001,6115
Himachal Pradesh,2001,596
Jammu & Kashmir,2001,1919
Jharkhand,2001,3236
Karnataka,2001,12868
Kerala,2001,5365
Lakshadweep,2001,10
Madhya Pradesh,2001,20263
Maharashtra,2001,39667
Manipur,2001,217
Meghalaya,2001,271
Mizoram,2001,878
Nagaland,2001,163
Odisha,2001,5550
Puducherry,2001,528
Punjab,2001,3023
Rajasthan,2001,14685
Sikkim,2001,54
Tamil Nadu,2001,16707
Tripura,2001,259
Uttar Pradesh,2001,24064
Uttarakhand,2001,1419
West Bengal,2001,14245
Andaman & Nicobar Islands,2002,49
Andhra Pradesh,2002,19058
Arunachal Pradesh,2002,395
Assam,2002,5555
Bihar,2002,10145
Chandigarh,2002,1647
Chhattisgarh,2002,4302
Dadra & Nagar Haveli,2002,72
Daman & Diu,2002,56
Delhi,2002,16625
Goa,2002,493
Gujarat,2002,15616
Haryana,2002,5962
Himachal Pradesh,2002,560
Jammu & Kashmir,2002,2020
Jharkhand,2002,4374
Karnataka,2002,13818
Kerala,2002,5432
Lakshadweep,2002,12
Madhya Pradesh,2002,20759
Maharashtra,2002,37443
Manipur,2002,255
Meghalaya,2002,392
Mizoram,2002,999
Nagaland,2002,230
Odisha,2002,5144
Puducherry,2002,526
Punjab,2002,2963
Rajasthan,2002,14292
Sikkim,2002,64
Tamil Nadu,2002,18599
Tripura,2002,270
Uttar Pradesh,2002,19329
Uttarakhand,2002,1257
West Bengal,2002,12449
Andaman & Nicobar Islands,2003,60
Andhra Pradesh,2003,23042
Arunachal Pradesh,2003,370
Assam,2003,5525
Bihar,2003,10104
Chandigarh,2003,1238
Chhattisgarh,2003,4170
Dadra & Nagar Haveli,2003,61
Daman & Diu,2003,46
Delhi,2003,15544
Goa,2003,458
Gujarat,2003,19181
Haryana,2003,5589
Himachal Pradesh,2003,616
Jammu & Kashmir,2003,1949
Jharkhand,2003,3863
Karnataka,2003,14180
Kerala,2003,4523
Lakshadweep,2003,8
Madhya Pradesh,2003,20328
Maharashtra,2003,36892
Manipur,2003,252
Meghalaya,2003,322
Mizoram,2003,1303
Nagaland,2003,179
Odisha,2003,5243
Puducherry,2003,567
Punjab,2003,3198
Rajasthan,2003,14875
Sikkim,2003,65
Tamil Nadu,2003,18213
Tripura,2003,276
Uttar Pradesh,2003,12836
Uttarakhand,2003,1277
West Bengal,2003,12613
Andaman & Nicobar Islands,2004,103
Andhra Pradesh,2004,23162
Arunachal Pradesh,2004,388
Assam,2004,5866
Bihar,2004,11113
Chandigarh,2004,1459
Chhattisgarh,2004,5014
Dadra & Nagar Haveli,2004,53
Daman & Diu,2004,27
Delhi,2004,18994
Goa,2004,493
Gujarat,2004,18452
Haryana,2004,6558
Himachal Pradesh,2004,636
Jammu & Kashmir,2004,1939
Jharkhand,2004,4374
Karnataka,2004,16093
Kerala,2004,5010
Lakshadweep,2004,5
Madhya Pradesh,2004,22557
Maharashtra,2004,43629
Manipur,2004,244
Meghalaya,2004,393
Mizoram,2004,610
Nagaland,2004,172
Odisha,2004,5959
Puducherry,2004,634
Punjab,2004,2587
Rajasthan,2004,17096
Sikkim,2004,73
Tamil Nadu,2004,17530
Tripura,2004,260
Uttar Pradesh,2004,19106
Uttarakhand,2004,1500
West Bengal,2004,14465
Andaman & Nicobar Islands,2005,92
Andhra Pradesh,2005,23395
Arunachal Pradesh,2005,531
Assam,2005,6369
Bihar,2005,10812
Chandigarh,2005,1373
Chhattisgarh,2005,5600
Dadra & Nagar Haveli,2005,74
Daman & Diu,2005,50
Delhi,2005,17955
Goa,2005,490
Gujarat,2005,17834
Haryana,2005,8650
Himachal Pradesh,2005,689
Jammu & Kashmir,2005,1901
Jharkhand,2005,5610
Karnataka,2005,17008
Kerala,2005,5225
Lakshadweep,2005,7
Madhya Pradesh,2005,20660
Maharashtra,2005,46598
Manipur,2005,243
Meghalaya,2005,431
Mizoram,2005,777
Nagaland,2005,278
Odisha,2005,6743
Puducherry,2005,466
Punjab,2005,2924
Rajasthan,2005,13361
Sikkim,2005,77
Tamil Nadu,2005,15851
Tripura,2005,325
Uttar Pradesh,2005,17557
Uttarakhand,2005,1515
West Bengal,2005,12124
Andaman & Nicobar Islands,2006,101
Andhra Pradesh,2006,23211
Arunachal Pradesh,2006,451
Assam,2006,7820
Bihar,2006,11752
Chandigarh,2006,1234
Chhattisgarh,2006,5262
Dadra & Nagar Haveli,2006,61
Daman & Diu,2006,63
Delhi,2006,17498
Goa,2006,486
Gujarat,2006,18331
Haryana,2006,10513
Himachal Pradesh,2006,807
Jammu & Kashmir,2006,1937
Jharkhand,2006,6173
Karnataka,2006,14901
Kerala,2006,5043
Lakshadweep,2006,17
Madhya Pradesh,2006,21733
Maharashtra,2006,46250
Manipur,2006,290
Meghalaya,2006,470
Mizoram,2006,740
Nagaland,2006,324
Odisha,2006,6559
Puducherry,2006,560
Punjab,2006,3945
Rajasthan,2006,16460
Sikkim,2006,113
Tamil Nadu,2006,13651
Tripura,2006,392
Uttar Pradesh,2006,17665
Uttarakhand,2006,1369
West Bengal,2006,12532
Andaman & Nicobar Islands,2007,112
Andhra Pradesh,2007,23856
Arunachal Pradesh,2007,513
Assam,2007,7754
Bihar,2007,11795
Chandigarh,2007,1740
Chhattisgarh,2007,5381
Dadra & Nagar Haveli,2007,87
Daman & Diu,2007,43
Delhi,2007,17037
Goa,2007,484
Gujarat,2007,18047
Haryana,2007,11047
Himachal Pradesh,2007,1077
Jammu & Kashmir,2007,1756
Jharkhand,2007,7067
Karnataka,2007,14270
Kerala,2007,5317
Lakshadweep,2007,20
Madhya Pradesh,2007,22396
Maharashtra,2007,47498
Manipur,2007,454
Meghalaya,2007,500
Mizoram,2007,732
Nagaland,2007,358
Odisha,2007,6830
Puducherry,2007,787
Punjab,2007,5171
Rajasthan,2007,18008
Sikkim,2007,118
Tamil Nadu,2007,13217
Tripura,2007,411
Uttar Pradesh,2007,19325
Uttarakhand,2007,1500
West Bengal,2007,13747
Andaman & Nicobar Islands,2008,128
Andhra Pradesh,2008,24324
Arunachal Pradesh,2008,445
Assam,2008,8012
Bihar,2008,13206
Chandigarh,2008,1991
Chhattisgarh,2008,6079
Dadra & Nagar Haveli,2008,54
Daman & Diu,2008,49
Delhi,2008,18867
Goa,2008,595
Gujarat,2008,20557
Haryana,2008,12709
Himachal Pradesh,2008,1135
Jammu & Kashmir,2008,2073
Jharkhand,2008,7269
Karnataka,2008,17728
Kerala,2008,5327
Lakshadweep,2008,8
Madhya Pradesh,2008,24579
Maharashtra,2008,52664
Manipur,2008,446
Meghalaya,2008,658
Mizoram,2008,734
Nagaland,2008,329
Odisha,2008,7132
Puducherry,2008,688
Punjab,2008,5468
Rajasthan,2008,19014
Sikkim,2008,127
Tamil Nadu,2008,15019
Tripura,2008,499
Uttar Pradesh,2008,21370
Uttarakhand,2008,1532
West Bengal,2008,17334
Andaman & Nicobar Islands,2009,134
Andhra Pradesh,2009,23922
Arunachal Pradesh,2009,381
Assam,2009,7644
Bihar,2009,15221
Chandigarh,2009,1731
Chhattisgarh,2009,5792
Dadra & Nagar Haveli,2009,63
Daman & Diu,2009,41
Delhi,2009,21731
Goa,2009,840
Gujarat,2009,19574
Haryana,2009,12912
Himachal Pradesh,2009,820
Jammu & Kashmir,2009,2517
Jharkhand,2009,7716
Karnataka,2009,20576
Kerala,2009,5196
Lakshadweep,2009,10
Madhya Pradesh,2009,23260
Maharashtra,2009,50708
Manipur,2009,394
Meghalaya,2009,528
Mizoram,2009,761
Nagaland,2009,347
Odisha,2009,7115
Puducherry,2009,711
Punjab,2009,5513
Rajasthan,2009,11817
Sikkim,2009,62
Tamil Nadu,2009,15712
Tripura,2009,415
Uttar Pradesh,2009,24983
Uttarakhand,2009,1340
West Bengal,2009,17133
Andaman & Nicobar Islands,2010,121
Andhra Pradesh,2010,26358
Arunachal Pradesh,2010,445
Assam,2010,7860
Bihar,2010,15544
Chandigarh,2010,1481
Chhattisgarh,2010,5805
Dadra & Nagar Haveli,2010,63
Daman & Diu,2010,47
Delhi,2010,23088
Goa,2010,1017
Gujarat,2010,16725
Haryana,2010,16266
Himachal Pradesh,2010,837
Jammu & Kashmir,2010,2490
Jharkhand,2010,7090
Karnataka,2010,20093
Kerala,2010,4065
Lakshadweep,2010,4
Madhya Pradesh,2010,21523
Maharashtra,2010,52363
Manipur,2010,417
Meghalaya,2010,640
Mizoram,2010,813
Nagaland,2010,372
Odisha,2010,7572
Puducherry,2010,534
Punjab,2010,5407
Rajasthan,2010,20981
Sikkim,2010,53
Tamil Nadu,2010,14583
Tripura,2010,410
Uttar Pradesh,2010,27487
Uttarakhand,2010,1779
West Bengal,2010,19388
Andaman & Nicobar Islands,2001,143
Andhra Pradesh,2001,25070
Arunachal Pradesh,2001,858
Assam,2001,9778
Bihar,2001,18503
Chandigarh,2001,1948
Chhattisgarh,2001,9894
Dadra & Nagar Haveli,2001,106
Daman & Diu,2001,94
Delhi,2001,25170
Goa,2001,1004
Gujarat,2001,24410
Haryana,2001,10536
Himachal Pradesh,2001,1573
Jammu & Kashmir,2001,3531
Jharkhand,2001,5764
Karnataka,2001,21039
Kerala,2001,10442
Lakshadweep,2001,12
Madhya Pradesh,2001,37554
Maharashtra,2001,60173
Manipur,2001,455
Meghalaya,2001,713
Mizoram,2001,1516
Nagaland,2001,463
Odisha,2001,10167
Puducherry,2001,651
Punjab,2001,5950
Rajasthan,2001,25326
Sikkim,2001,129
Tamil Nadu,2001,24606
Tripura,2001,579
Uttar Pradesh,2001,36711
Uttarakhand,2001,2346
West Bengal,2001,18204
Andaman & Nicobar Islands,2002,110
Andhra Pradesh,2002,28340
Arunachal Pradesh,2002,819
Assam,2002,10269
Bihar,2002,19333
Chandigarh,2002,2055
Chhattisgarh,2002,8687
Dadra & Nagar Haveli,2002,132
Daman & Diu,2002,130
Delhi,2002,22681
Goa,2002,951
Gujarat,2002,24958
Haryana,2002,10266
Himachal Pradesh,2002,1350
Jammu & Kashmir,2002,3637
Jharkhand,2002,7668
Karnataka,2002,22219
Kerala,2002,11246
Lakshadweep,2002,21
Madhya Pradesh,2002,37451
Maharashtra,2002,57544
Manipur,2002,429
Meghalaya,2002,758
Mizoram,2002,1499
Nagaland,2002,529
Odisha,2002,9287
Puducherry,2002,675
Punjab,2002,6038
Rajasthan,2002,22730
Sikkim,2002,118
Tamil Nadu,2002,25825
Tripura,2002,619
Uttar Pradesh,2002,27826
Uttarakhand,2002,1939
West Bengal,2002,19012
Andaman & Nicobar Islands,2003,128
Andhra Pradesh,2003,33315
Arunachal Pradesh,2003,776
Assam,2003,10298
Bihar,2003,19211
Chandigarh,2003,1578
Chhattisgarh,2003,8592
Dadra & Nagar Haveli,2003,132
Daman & Diu,2003,107
Delhi,2003,20953
Goa,2003,847
Gujarat,2003,29407
Haryana,2003,10024
Himachal Pradesh,2003,1392
Jammu & Kashmir,2003,3768
Jharkhand,2003,7211
Karnataka,2003,22463
Kerala,2003,9843
Lakshadweep,2003,14
Madhya Pradesh,2003,35947
Maharashtra,2003,57118
Manipur,2003,423
Meghalaya,2003,728
Mizoram,2003,2063
Nagaland,2003,437
Odisha,2003,9462
Puducherry,2003,720
Punjab,2003,6806
Rajasthan,2003,23652
Sikkim,2003,127
Tamil Nadu,2003,24082
Tripura,2003,576
Uttar Pradesh,2003,18012
Uttarakhand,2003,1948
West Bengal,2003,15618
Andaman & Nicobar Islands,2004,175
Andhra Pradesh,2004,32463
Arunachal Pradesh,2004,730
Assam,2004,10575
Bihar,2004,21673
Chandigarh,2004,1775
Chhattisgarh,2004,10548
Dadra & Nagar Haveli,2004,112
Daman & Diu,2004,72
Delhi,2004,24902
Goa,2004,846
Gujarat,2004,28241
Haryana,2004,10821
Himachal Pradesh,2004,1541
Jammu & Kashmir,2004,3621
Jharkhand,2004,7668
Karnataka,2004,24265
Kerala,2004,10598
Lakshadweep,2004,7
Madhya Pradesh,2004,37646
Maharashtra,2004,65025
Manipur,2004,392
Meghalaya,2004,711
Mizoram,2004,876
Nagaland,2004,281
Odisha,2004,10415
Puducherry,2004,730
Punjab,2004,5355
Rajasthan,2004,24551
Sikkim,2004,168
Tamil Nadu,2004,22489
Tripura,2004,577
Uttar Pradesh,2004,26487
Uttarakhand,2004,2181
West Bengal,2004,17679
Andaman & Nicobar Islands,2005,172
Andhra Pradesh,2005,32858
Arunachal Pradesh,2005,949
Assam,2005,10589
Bihar,2005,20015
Chandigarh,2005,1796
Chhattisgarh,2005,10154
Dadra & Nagar Haveli,2005,126
Daman & Diu,2005,100
Delhi,2005,24493
Goa,2005,854
Gujarat,2005,26642
Haryana,2005,13584
Himachal Pradesh,2005,1551
Jammu & Kashmir,2005,3544
Jharkhand,2005,8814
Karnataka,2005,25185
Kerala,2005,10952
Lakshadweep,2005,9
Madhya Pradesh,2005,34691
Maharashtra,2005,70162
Manipur,2005,389
Meghalaya,2005,747
Mizoram,2005,1270
Nagaland,2005,492
Odisha,2005,11276
Puducherry,2005,549
Punjab,2005,5700
Rajasthan,2005,19690
Sikkim,2005,166
Tamil Nadu,2005,20352
Tripura,2005,640
Uttar Pradesh,2005,23644
Uttarakhand,2005,2186
West Bengal,2005,15448
Andaman & Nicobar Islands,2006,191
Andhra Pradesh,2006,32815
Arunachal Pradesh,2006,871
Assam,2006,12583
Bihar,2006,20326
Chandigarh,2006,1648
Chhattisgarh,2006,9688
Dadra & Nagar Haveli,2006,152
Daman & Diu,2006,144
Delhi,2006,24041
Goa,2006,801
Gujarat,2006,27217
Haryana,2006,16375
Himachal Pradesh,2006,1752
Jammu & Kashmir,2006,3531
Jharkhand,2006,9625
Karnataka,2006,23164
Kerala,2006,10564
Lakshadweep,2006,19
Madhya Pradesh,2006,35604
Maharashtra,2006,70004
Manipur,2006,538
Meghalaya,2006,758
Mizoram,2006,1203
Nagaland,2006,511
Odisha,2006,11465
Puducherry,2006,657
Punjab,2006,7388
Rajasthan,2006,22623
Sikkim,2006,216
Tamil Nadu,2006,17787
Tripura,2006,898
Uttar Pradesh,2006,23845
Uttarakhand,2006,1922
West Bengal,2006,15721
Andaman & Nicobar Islands,2007,223
Andhra Pradesh,2007,32739
Arunachal Pradesh,2007,896
Assam,2007,17809
Bihar,2007,19494
Chandigarh,2007,2201
Chhattisgarh,2007,9837
Dadra & Nagar Haveli,2007,146
Daman & Diu,2007,105
Delhi,2007,23713
Goa,2007,845
Gujarat,2007,26069
Haryana,2007,17536
Himachal Pradesh,2007,2114
Jammu & Kashmir,2007,3808
Jharkhand,2007,10245
Karnataka,2007,22130
Kerala,2007,12938
Madhya Pradesh,2007,36934
Maharashtra,2007,71909
Manipur,2007,893
Meghalaya,2007,862
Mizoram,2007,1281
Nagaland,2007,576
Odisha,2007,12945
Puducherry,2007,891
Punjab,2007,9213
Rajasthan,2007,25019
Sikkim,2007,214
Tamil Nadu,2007,17875
Tripura,2007,744
Uttar Pradesh,2007,26858
Uttarakhand,2007,2185
West Bengal,2007,17277
Andaman & Nicobar Islands,2008,232
Andhra Pradesh,2008,34242
Arunachal Pradesh,2008,871
Assam,2008,13896
Bihar,2008,21324
Chandigarh,2008,2529
Chhattisgarh,2008,11111
Dadra & Nagar Haveli,2008,138
Daman & Diu,2008,107
Delhi,2008,24583
Goa,2008,1021
Gujarat,2008,28840
Haryana,2008,19382
Himachal Pradesh,2008,2214
Jammu & Kashmir,2008,3694
Jharkhand,2008,10132
Karnataka,2008,26727
Kerala,2008,12318
Lakshadweep,2008,11
Madhya Pradesh,2008,39064
Maharashtra,2008,78569
Manipur,2008,910
Meghalaya,2008,1238
Mizoram,2008,1154
Nagaland,2008,563
Odisha,2008,12182
Puducherry,2008,813
Punjab,2008,9642
Rajasthan,2008,24813
Sikkim,2008,222
Tamil Nadu,2008,19918
Tripura,2008,902
Uttar Pradesh,2008,29291
Uttarakhand,2008,2033
West Bengal,2008,21809
Andaman & Nicobar Islands,2009,238
Andhra Pradesh,2009,33162
Arunachal Pradesh,2009,715
Assam,2009,13289
Bihar,2009,23314
Chandigarh,2009,2275
Chhattisgarh,2009,10776
Dadra & Nagar Haveli,2009,154
Daman & Diu,2009,84
Delhi,2009,26693
Goa,2009,1242
Gujarat,2009,27407
Haryana,2009,19595
Himachal Pradesh,2009,1804
Jammu & Kashmir,2009,4341
Jharkhand,2009,10989
Karnataka,2009,30575
Kerala,2009,11943
Lakshadweep,2009,58
Madhya Pradesh,2009,37513
Maharashtra,2009,77240
Manipur,2009,698
Meghalaya,2009,895
Mizoram,2009,1213
Nagaland,2009,770
Odisha,2009,12250
Puducherry,2009,807
Punjab,2009,9626
Rajasthan,2009,18178
Sikkim,2009,163
Tamil Nadu,2009,21489
Tripura,2009,826
Uttar Pradesh,2009,32243
Uttarakhand,2009,1791
West Bengal,2009,21586
Andaman & Nicobar Islands,2010,219
Andhra Pradesh,2010,36407
Arunachal Pradesh,2010,831
Assam,2010,13694
Bihar,2010,22727
Chandigarh,2010,2055
Chhattisgarh,2010,10569
Dadra & Nagar Haveli,2010,123
Daman & Diu,2010,85
Delhi,2010,28118
Goa,2010,1483
Gujarat,2010,23839
Haryana,2010,23549
Himachal Pradesh,2010,1709
Jammu & Kashmir,2010,3978
Jharkhand,2010,10318
Karnataka,2010,29717
Kerala,2010,9982
Lakshadweep,2010,7
Madhya Pradesh,2010,34358
Maharashtra,2010,80663
Manipur,2010,665
Meghalaya,2010,952
Mizoram,2010,1371
Nagaland,2010,785
Odisha,2010,12691
Puducherry,2010,625
Punjab,2010,9873
Rajasthan,2010,28152
Sikkim,2010,134
Tamil Nadu,2010,21509
Tripura,2010,879
Uttar Pradesh,2010,35068
Uttarakhand,2010,2234
West Bengal,2010,23759
