Area_Name,Year,Total_Cases_for_Trial,
Andaman & Nicobar Islands,2001,39,
Andhra Pradesh,2001,2937,
Arunachal Pradesh,2001,285,
Assam,2001,2409,
Bihar,2001,3746,
Chandigarh,2001,45,
Chhattisgarh,2001,4645,
Dadra & Nagar Haveli,2001,22,
Daman & Diu,2001,4,
Delhi,2001,1760,
Goa,2001,67,
Gujarat,2001,2131,
Haryana,2001,1022,
Himachal Pradesh,2001,494,
Jammu & Kashmir,2001,680,
Jharkhand,2001,1369,
Karnataka,2001,1335,
Kerala,2001,2336,
Lakshadweep,2001,1,
Madhya Pradesh,2001,9387,
Maharashtra,2001,10745,
Manipur,2001,40,
Meghalaya,2001,247,
Mizoram,2001,138,
Nagaland,2001,53,
Odisha,2001,2879,
Puducherry,2001,16,
Punjab,2001,488,
Rajasthan,2001,3593,
Sikkim,2001,10,
Tamil Nadu,2001,1535,
Tripura,2001,181,
Uttar Pradesh,2001,6950,
Uttarakhand,2001,223,
West Bengal,2001,5643,
Andaman & Nicobar Islands,2002,37,
Andhra Pradesh,2002,2855,
Arunachal Pradesh,2002,314,
Assam,2002,2588,
Bihar,2002,3872,
Chandigarh,2002,46,
Chhattisgarh,2002,4952,
Dadra & Nagar Haveli,2002,24,
Daman & Diu,2002,0,
Delhi,2002,2039,
Goa,2002,55,
Gujarat,2002,2192,
Haryana,2002,952,
Himachal Pradesh,2002,501,
Jammu & Kashmir,2002,726,
Jharkhand,2002,2856,
Karnataka,2002,1409,
Kerala,2002,2635,
Lakshadweep,2002,1,
Madhya Pradesh,2002,9523,
Maharashtra,2002,11164,
Manipur,2002,46,
Meghalaya,2002,253,
Mizoram,2002,138,
Nagaland,2002,62,
Odisha,2002,2987,
Puducherry,2002,19,
Punjab,2002,490,
Rajasthan,2002,3282,
Sikkim,2002,10,
Tamil Nadu,2002,1759,
Tripura,2002,224,
Uttar Pradesh,2002,6898,
Uttarakhand,2002,226,
West Bengal,2002,5923,
Andaman & Nicobar Islands,2003,35,
Andhra Pradesh,2003,2888,
Arunachal Pradesh,2003,340,
Assam,2003,2998,
Bihar,2003,3965,
Chandigarh,2003,61,
Chhattisgarh,2003,3985,
Dadra & Nagar Haveli,2003,10,
Daman & Diu,2003,3,
Delhi,2003,2057,
Goa,2003,54,
Gujarat,2003,2172,
Haryana,2003,859,
Himachal Pradesh,2003,498,
Jammu & Kashmir,2003,755,
Jharkhand,2003,2628,
Karnataka,2003,1451,
Kerala,2003,2862,
Lakshadweep,2003,1,
Madhya Pradesh,2003,9522,
Maharashtra,2003,11177,
Manipur,2003,49,
Meghalaya,2003,268,
Mizoram,2003,175,
Nagaland,2003,67,
Odisha,2003,3221,
Puducherry,2003,19,
Punjab,2003,502,
Rajasthan,2003,2885,
Sikkim,2003,10,
Tamil Nadu,2003,1786,
Tripura,2003,256,
Uttar Pradesh,2003,6122,
Uttarakhand,2003,245,
West Bengal,2003,6271,
Andaman & Nicobar Islands,2004,33,
Andhra Pradesh,2004,2875,
Arunachal Pradesh,2004,366,
Assam,2004,3314,
Bihar,2004,3980,
Chandigarh,2004,61,
Chhattisgarh,2004,4178,
Dadra & Nagar Haveli,2004,12,
Daman & Diu,2004,6,
Delhi,2004,1972,
Goa,2004,68,
Gujarat,2004,2246,
Haryana,2004,833,
Himachal Pradesh,2004,509,
Jammu & Kashmir,2004,839,
Jharkhand,2004,2446,
Karnataka,2004,1432,
Kerala,2004,3018,
Lakshadweep,2004,2,
Madhya Pradesh,2004,9569,
Maharashtra,2004,11225,
Manipur,2004,48,
Meghalaya,2004,288,
Mizoram,2004,168,
Nagaland,2004,86,
Odisha,2004,3361,
Puducherry,2004,22,
Punjab,2004,515,
Rajasthan,2004,2690,
Sikkim,2004,9,
Tamil Nadu,2004,1900,
Tripura,2004,338,
Uttar Pradesh,2004,5943,
Uttarakhand,2004,260,
West Bengal,2004,7008,
Andaman & Nicobar Islands,2005,37,
Andhra Pradesh,2005,2912,
Arunachal Pradesh,2005,393,
Assam,2005,3571,
Bihar,2005,4054,
Chandigarh,2005,68,
Chhattisgarh,2005,3905,
Dadra & Nagar Haveli,2005,13,
Daman & Diu,2005,6,
Delhi,2005,1945,
Goa,2005,68,
Gujarat,2005,2257,
Haryana,2005,893,
Himachal Pradesh,2005,525,
Jammu & Kashmir,2005,905,
Jharkhand,2005,2508,
Karnataka,2005,1362,
Kerala,2005,3147,
Lakshadweep,2005,1,
Madhya Pradesh,2005,9513,
Maharashtra,2005,11389,
Manipur,2005,53,
Meghalaya,2005,321,
Mizoram,2005,80,
Nagaland,2005,55,
Odisha,2005,3376,
Puducherry,2005,24,
Punjab,2005,544,
Rajasthan,2005,2694,
Sikkim,2005,18,
Tamil Nadu,2005,1962,
Tripura,2005,406,
Uttar Pradesh,2005,5676,
Uttarakhand,2005,308,
West Bengal,2005,7940,
Andaman & Nicobar Islands,2006,40,
Andhra Pradesh,2006,2898,
Arunachal Pradesh,2006,403,
Assam,2006,3778,
Bihar,2006,3988,
Chandigarh,2006,74,
Chhattisgarh,2006,3949,
Dadra & Nagar Haveli,2006,10,
Daman & Diu,2006,6,
Delhi,2006,1858,
Goa,2006,61,
Gujarat,2006,2363,
Haryana,2006,1065,
Himachal Pradesh,2006,474,
Jammu & Kashmir,2006,1000,
Jharkhand,2006,2567,
Karnataka,2006,1342,
Kerala,2006,3304,
Lakshadweep,2006,1,
Madhya Pradesh,2006,9468,
Maharashtra,2006,11559,
Manipur,2006,54,
Meghalaya,2006,353,
Mizoram,2006,124,
Nagaland,2006,50,
Odisha,2006,3607,
Puducherry,2006,26,
Punjab,2006,674,
Rajasthan,2006,2580,
Sikkim,2006,31,
Tamil Nadu,2006,1751,
Tripura,2006,462,
Uttar Pradesh,2006,5454,
Uttarakhand,2006,372,
West Bengal,2006,8913,
Andaman & Nicobar Islands,2007,40,
Andhra Pradesh,2007,3110,
Arunachal Pradesh,2007,429,
Assam,2007,4072,
Bihar,2007,4235,
Chandigarh,2007,76,
Chhattisgarh,2007,4099,
Dadra & Nagar Haveli,2007,11,
Daman & Diu,2007,4,
Delhi,2007,1791,
Goa,2007,70,
Gujarat,2007,2441,
Haryana,2007,1159,
Himachal Pradesh,2007,476,
Jammu & Kashmir,2007,1115,
Jharkhand,2007,2418,
Karnataka,2007,1346,
Kerala,2007,3495,
Lakshadweep,2007,2,
Madhya Pradesh,2007,9728,
Maharashtra,2007,11907,
Manipur,2007,54,
Meghalaya,2007,370,
Mizoram,2007,128,
Nagaland,2007,49,
Odisha,2007,3891,
Puducherry,2007,33,
Punjab,2007,798,
Rajasthan,2007,2657,
Sikkim,2007,48,
Tamil Nadu,2007,1715,
Tripura,2007,565,
Uttar Pradesh,2007,5501,
Uttarakhand,2007,375,
West Bengal,2007,9861,
Andaman & Nicobar Islands,2008,39,
Andhra Pradesh,2008,3228,
Arunachal Pradesh,2008,444,
Assam,2008,4375,
Bihar,2008,4329,
Chandigarh,2008,76,
Chhattisgarh,2008,4349,
Dadra & Nagar Haveli,2008,16,
Daman & Diu,2008,2,
Delhi,2008,1680,
Goa,2008,85,
Gujarat,2008,2566,
Haryana,2008,1293,
Himachal Pradesh,2008,505,
Jammu & Kashmir,2008,1120,
Jharkhand,2008,2325,
Karnataka,2008,1461,
Kerala,2008,3435,
Lakshadweep,2008,3,
Madhya Pradesh,2008,9875,
Maharashtra,2008,12441,
Manipur,2008,57,
Meghalaya,2008,396,
Mizoram,2008,162,
Nagaland,2008,38,
Odisha,2008,4163,
Puducherry,2008,32,
Punjab,2008,964,
Rajasthan,2008,2860,
Sikkim,2008,64,
Tamil Nadu,2008,1777,
Tripura,2008,594,
Uttar Pradesh,2008,5785,
Uttarakhand,2008,342,
West Bengal,2008,10716,
Andaman & Nicobar Islands,2009,48,
Andhra Pradesh,2009,3377,
Arunachal Pradesh,2009,488,
Assam,2009,4771,
Bihar,2009,4361,
Chandigarh,2009,76,
Chhattisgarh,2009,4377,
Dadra & Nagar Haveli,2009,15,
Daman & Diu,2009,1,
Delhi,2009,1744,
Goa,2009,86,
Gujarat,2009,2725,
Haryana,2009,1364,
Himachal Pradesh,2009,564,
Jammu & Kashmir,2009,1173,
Jharkhand,2009,2340,
Karnataka,2009,1522,
Kerala,2009,3764,
Lakshadweep,2009,2,
Madhya Pradesh,2009,10083,
Maharashtra,2009,12812,
Manipur,2009,62,
Meghalaya,2009,437,
Mizoram,2009,156,
Nagaland,2009,47,
Odisha,2009,4352,
Puducherry,2009,38,
Punjab,2009,963,
Rajasthan,2009,3150,
Sikkim,2009,76,
Tamil Nadu,2009,1856,
Tripura,2009,677,
Uttar Pradesh,2009,5719,
Uttarakhand,2009,333,
West Bengal,2009,11381,
Andaman & Nicobar Islands,2010,65,
Andhra Pradesh,2010,3616,
Arunachal Pradesh,2010,517,
Assam,2010,5335,
Bihar,2010,4154,
Chandigarh,2010,77,
Chhattisgarh,2010,4487,
Dadra & Nagar Haveli,2010,17,
Daman & Diu,2010,2,
Delhi,2010,1817,
Goa,2010,105,
Gujarat,2010,2931,
Haryana,2010,1479,
Himachal Pradesh,2010,585,
Jammu & Kashmir,2010,1138,
Jharkhand,2010,2300,
Karnataka,2010,1682,
Kerala,2010,4071,
Lakshadweep,2010,2,
Madhya Pradesh,2010,10886,
Maharashtra,2010,13313,
Manipur,2010,66,
Meghalaya,2010,494,
Mizoram,2010,184,
Nagaland,2010,49,
Odisha,2010,4805,
Puducherry,2010,34,
Punjab,2010,947,
Rajasthan,2010,3502,
Sikkim,2010,89,
Tamil Nadu,2010,1930,
Tripura,2010,764,
Uttar Pradesh,2010,5537,
Uttarakhand,2010,343,
West Bengal,2010,12384,
Andaman & Nicobar Islands,2001,18,
Andhra Pradesh,2001,1419,
Arunachal Pradesh,2001,242,
Assam,2001,2062,
Bihar,2001,3220,
Chandigarh,2001,70,
Chhattisgarh,2001,987,
Dadra & Nagar Haveli,2001,7,
Daman & Diu,2001,4,
Delhi,2001,1365,
Goa,2001,42,
Gujarat,2001,4704,
Haryana,2001,881,
Himachal Pradesh,2001,201,
Jammu & Kashmir,2001,2362,
Jharkhand,2001,1134,
Karnataka,2001,860,
Kerala,2001,420,
Lakshadweep,2001,0,
Madhya Pradesh,2001,3075,
Maharashtra,2001,5358,
Manipur,2001,31,
Meghalaya,2001,81,
Mizoram,2001,4,
Nagaland,2001,32,
Odisha,2001,1624,
Puducherry,2001,10,
Punjab,2001,558,
Rajasthan,2001,4956,
Sikkim,2001,0,
Tamil Nadu,2001,1252,
Tripura,2001,37,
Uttar Pradesh,2001,8269,
Uttarakhand,2001,371,
West Bengal,2001,4535,
Andaman & Nicobar Islands,2002,17,
Andhra Pradesh,2002,1566,
Arunachal Pradesh,2002,256,
Assam,2002,2219,
Bihar,2002,3367,
Chandigarh,2002,82,
Chhattisgarh,2002,1048,
Dadra & Nagar Haveli,2002,12,
Daman & Diu,2002,2,
Delhi,2002,477,
Goa,2002,23,
Gujarat,2002,4964,
Haryana,2002,911,
Himachal Pradesh,2002,224,
Jammu & Kashmir,2002,2509,
Jharkhand,2002,922,
Karnataka,2002,846,
Kerala,2002,422,
Lakshadweep,2002,0,
Madhya Pradesh,2002,3299,
Maharashtra,2002,5383,
Manipur,2002,30,
Meghalaya,2002,86,
Mizoram,2002,3,
Nagaland,2002,33,
Odisha,2002,1629,
Puducherry,2002,12,
Punjab,2002,608,
Rajasthan,2002,4777,
Sikkim,2002,2,
Tamil Nadu,2002,1336,
Tripura,2002,52,
Uttar Pradesh,2002,8471,
Uttarakhand,2002,378,
West Bengal,2002,5369,
Andaman & Nicobar Islands,2003,15,
Andhra Pradesh,2003,1684,
Arunachal Pradesh,2003,279,
Assam,2003,2576,
Bihar,2003,3457,
Chandigarh,2003,76,
Chhattisgarh,2003,925,
Dadra & Nagar Haveli,2003,13,
Daman & Diu,2003,1,
Delhi,2003,602,
Goa,2003,25,
Gujarat,2003,5205,
Haryana,2003,831,
Himachal Pradesh,2003,227,
Jammu & Kashmir,2003,2715,
Jharkhand,2003,941,
Karnataka,2003,873,
Kerala,2003,408,
Lakshadweep,2003,0,
Madhya Pradesh,2003,3476,
Maharashtra,2003,5239,
Manipur,2003,31,
Meghalaya,2003,83,
Mizoram,2003,3,
Nagaland,2003,33,
Odisha,2003,1663,
Puducherry,2003,10,
Punjab,2003,658,
Rajasthan,2003,4436,
Sikkim,2003,1,
Tamil Nadu,2003,1057,
Tripura,2003,87,
Uttar Pradesh,2003,7769,
Uttarakhand,2003,374,
West Bengal,2003,5512,
Andaman & Nicobar Islands,2004,18,
Andhra Pradesh,2004,1908,
Arunachal Pradesh,2004,303,
Assam,2004,2824,
Bihar,2004,3564,
Chandigarh,2004,96,
Chhattisgarh,2004,880,
Dadra & Nagar Haveli,2004,12,
Daman & Diu,2004,0,
Delhi,2004,744,
Goa,2004,27,
Gujarat,2004,5388,
Haryana,2004,769,
Himachal Pradesh,2004,203,
Jammu & Kashmir,2004,3009,
Jharkhand,2004,930,
Karnataka,2004,891,
Kerala,2004,467,
Lakshadweep,2004,0,
Madhya Pradesh,2004,3169,
Maharashtra,2004,5392,
Manipur,2004,30,
Meghalaya,2004,89,
Mizoram,2004,1,
Nagaland,2004,42,
Odisha,2004,1658,
Puducherry,2004,13,
Punjab,2004,724,
Rajasthan,2004,4257,
Sikkim,2004,3,
Tamil Nadu,2004,1125,
Tripura,2004,78,
Uttar Pradesh,2004,8033,
Uttarakhand,2004,393,
West Bengal,2004,5770,
Andaman & Nicobar Islands,2005,16,
Andhra Pradesh,2005,2062,
Arunachal Pradesh,2005,329,
Assam,2005,3024,
Bihar,2005,3624,
Chandigarh,2005,88,
Chhattisgarh,2005,685,
Dadra & Nagar Haveli,2005,11,
Daman & Diu,2005,1,
Delhi,2005,896,
Goa,2005,28,
Gujarat,2005,5519,
Haryana,2005,725,
Himachal Pradesh,2005,209,
Jammu & Kashmir,2005,3236,
Jharkhand,2005,916,
Karnataka,2005,893,
Kerala,2005,508,
Lakshadweep,2005,0,
Madhya Pradesh,2005,3073,
Maharashtra,2005,5505,
Manipur,2005,30,
Meghalaya,2005,90,
Mizoram,2005,2,
Nagaland,2005,42,
Odisha,2005,1667,
Puducherry,2005,13,
Punjab,2005,716,
Rajasthan,2005,4077,
Sikkim,2005,5,
Tamil Nadu,2005,1189,
Tripura,2005,71,
Uttar Pradesh,2005,8079,
Uttarakhand,2005,421,
West Bengal,2005,6199,
Andaman & Nicobar Islands,2006,23,
Andhra Pradesh,2006,2340,
Arunachal Pradesh,2006,347,
Assam,2006,3220,
Bihar,2006,3823,
Chandigarh,2006,102,
Chhattisgarh,2006,767,
Dadra & Nagar Haveli,2006,15,
Daman & Diu,2006,2,
Delhi,2006,1077,
Goa,2006,35,
Gujarat,2006,5788,
Haryana,2006,845,
Himachal Pradesh,2006,200,
Jammu & Kashmir,2006,3588,
Jharkhand,2006,1063,
Karnataka,2006,872,
Kerala,2006,605,
Lakshadweep,2006,0,
Madhya Pradesh,2006,2732,
Maharashtra,2006,5689,
Manipur,2006,27,
Meghalaya,2006,97,
Mizoram,2006,2,
Nagaland,2006,7,
Odisha,2006,1842,
Puducherry,2006,19,
Punjab,2006,790,
Rajasthan,2006,4065,
Sikkim,2006,9,
Tamil Nadu,2006,1163,
Tripura,2006,55,
Uttar Pradesh,2006,8461,
Uttarakhand,2006,476,
West Bengal,2006,6638,
Andaman & Nicobar Islands,2007,26,
Andhra Pradesh,2007,2789,
Arunachal Pradesh,2007,369,
Assam,2007,3385,
Bihar,2007,4027,
Chandigarh,2007,96,
Chhattisgarh,2007,786,
Dadra & Nagar Haveli,2007,19,
Daman & Diu,2007,2,
Delhi,2007,1243,
Goa,2007,35,
Gujarat,2007,6094,
Haryana,2007,970,
Himachal Pradesh,2007,209,
Jammu & Kashmir,2007,3861,
Jharkhand,2007,1241,
Karnataka,2007,913,
Kerala,2007,679,
Lakshadweep,2007,0,
Madhya Pradesh,2007,2680,
Maharashtra,2007,6017,
Manipur,2007,27,
Meghalaya,2007,96,
Mizoram,2007,0,
Nagaland,2007,8,
Odisha,2007,1965,
Puducherry,2007,26,
Punjab,2007,905,
Rajasthan,2007,4020,
Sikkim,2007,11,
Tamil Nadu,2007,1240,
Tripura,2007,101,
Uttar Pradesh,2007,8601,
Uttarakhand,2007,479,
West Bengal,2007,6804,
Andaman & Nicobar Islands,2008,31,
Andhra Pradesh,2008,3074,
Arunachal Pradesh,2008,388,
Assam,2008,3258,
Bihar,2008,4180,
Chandigarh,2008,83,
Chhattisgarh,2008,896,
Dadra & Nagar Haveli,2008,22,
Daman & Diu,2008,2,
Delhi,2008,1542,
Goa,2008,39,
Gujarat,2008,6520,
Haryana,2008,1076,
Himachal Pradesh,2008,234,
Jammu & Kashmir,2008,3846,
Jharkhand,2008,1133,
Karnataka,2008,963,
Kerala,2008,766,
Lakshadweep,2008,0,
Madhya Pradesh,2008,2656,
Maharashtra,2008,6380,
Manipur,2008,22,
Meghalaya,2008,94,
Mizoram,2008,1,
Nagaland,2008,10,
Odisha,2008,2267,
Puducherry,2008,26,
Punjab,2008,1056,
Rajasthan,2008,4153,
Sikkim,2008,16,
Tamil Nadu,2008,1381,
Tripura,2008,179,
Uttar Pradesh,2008,9447,
Uttarakhand,2008,536,
West Bengal,2008,7466,
Andaman & Nicobar Islands,2009,32,
Andhra Pradesh,2009,3358,
Arunachal Pradesh,2009,410,
Assam,2009,3530,
Bihar,2009,4334,
Chandigarh,2009,70,
Chhattisgarh,2009,810,
Dadra & Nagar Haveli,2009,31,
Daman & Diu,2009,2,
Delhi,2009,1681,
Goa,2009,46,
Gujarat,2009,6953,
Haryana,2009,1172,
Himachal Pradesh,2009,258,
Jammu & Kashmir,2009,4017,
Jharkhand,2009,1188,
Karnataka,2009,1001,
Kerala,2009,791,
Lakshadweep,2009,1,
Madhya Pradesh,2009,2671,
Maharashtra,2009,6624,
Manipur,2009,23,
Meghalaya,2009,95,
Mizoram,2009,1,
Nagaland,2009,13,
Odisha,2009,2403,
Puducherry,2009,35,
Punjab,2009,1157,
Rajasthan,2009,4476,
Sikkim,2009,17,
Tamil Nadu,2009,1415,
Tripura,2009,216,
Uttar Pradesh,2009,10148,
Uttarakhand,2009,597,
West Bengal,2009,8111,
Andaman & Nicobar Islands,2010,37,
Andhra Pradesh,2010,3614,
Arunachal Pradesh,2010,421,
Assam,2010,4053,
Bihar,2010,4833,
Chandigarh,2010,47,
Chhattisgarh,2010,881,
Dadra & Nagar Haveli,2010,31,
Daman & Diu,2010,2,
Delhi,2010,1820,
Goa,2010,44,
Gujarat,2010,7636,
Haryana,2010,1319,
Himachal Pradesh,2010,267,
Jammu & Kashmir,2010,3981,
Jharkhand,2010,1149,
Karnataka,2010,1180,
Kerala,2010,875,
Lakshadweep,2010,1,
Madhya Pradesh,2010,3108,
Maharashtra,2010,6996,
Manipur,2010,25,
Meghalaya,2010,91,
Mizoram,2010,0,
Nagaland,2010,20,
Odisha,2010,2938,
Puducherry,2010,45,
Punjab,2010,1081,
Rajasthan,2010,4919,
Sikkim,2010,23,
Tamil Nadu,2010,1721,
Tripura,2010,235,
Uttar Pradesh,2010,10695,
Uttarakhand,2010,651,
West Bengal,2010,9767,
Andaman & Nicobar Islands,2001,2,
Andhra Pradesh,2001,1497,
Arunachal Pradesh,2001,0,
Assam,2001,115,
Bihar,2001,2726,
Chandigarh,2001,9,
Chhattisgarh,2001,259,
Dadra & Nagar Haveli,2001,3,
Daman & Diu,2001,0,
Delhi,2001,595,
Goa,2001,11,
Gujarat,2001,507,
Haryana,2001,972,
Himachal Pradesh,2001,30,
Jammu & Kashmir,2001,23,
Jharkhand,2001,586,
Karnataka,2001,762,
Kerala,2001,133,
Lakshadweep,2001,0,
Madhya Pradesh,2001,2257,
Maharashtra,2001,3433,
Manipur,2001,0,
Meghalaya,2001,0,
Mizoram,2001,0,
Nagaland,2001,0,
Odisha,2001,917,
Puducherry,2001,10,
Punjab,2001,465,
Rajasthan,2001,1593,
Sikkim,2001,0,
Tamil Nadu,2001,705,
Tripura,2001,40,
Uttar Pradesh,2001,8854,
Uttarakhand,2001,201,
West Bengal,2001,1264,
Andaman & Nicobar Islands,2002,2,
Andhra Pradesh,2002,1517,
Arunachal Pradesh,2002,0,
Assam,2002,130,
Bihar,2002,2959,
Chandigarh,2002,7,
Chhattisgarh,2002,296,
Dadra & Nagar Haveli,2002,2,
Daman & Diu,2002,0,
Delhi,2002,627,
Goa,2002,8,
Gujarat,2002,540,
Haryana,2002,888,
Himachal Pradesh,2002,33,
Jammu & Kashmir,2002,26,
Jharkhand,2002,693,
Karnataka,2002,834,
Kerala,2002,136,
Lakshadweep,2002,0,
Madhya Pradesh,2002,2334,
Maharashtra,2002,3372,
Manipur,2002,0,
Meghalaya,2002,0,
Mizoram,2002,0,
Nagaland,2002,0,
Odisha,2002,966,
Puducherry,2002,7,
Punjab,2002,463,
Rajasthan,2002,1614,
Sikkim,2002,0,
Tamil Nadu,2002,801,
Tripura,2002,49,
Uttar Pradesh,2002,9044,
Uttarakhand,2002,186,
West Bengal,2002,1373,
Andaman & Nicobar Islands,2003,2,
Andhra Pradesh,2003,1451,
Arunachal Pradesh,2003,0,
Assam,2003,146,
Bihar,2003,3228,
Chandigarh,2003,4,
Chhattisgarh,2003,300,
Dadra & Nagar Haveli,2003,2,
Daman & Diu,2003,0,
Delhi,2003,723,
Goa,2003,10,
Gujarat,2003,544,
Haryana,2003,806,
Himachal Pradesh,2003,36,
Jammu & Kashmir,2003,35,
Jharkhand,2003,686,
Karnataka,2003,867,
Kerala,2003,143,
Lakshadweep,2003,0,
Madhya Pradesh,2003,2325,
Maharashtra,2003,3415,
Manipur,2003,0,
Meghalaya,2003,0,
Mizoram,2003,0,
Nagaland,2003,0,
Odisha,2003,1082,
Puducherry,2003,6,
Punjab,2003,448,
Rajasthan,2003,1554,
Sikkim,2003,0,
Tamil Nadu,2003,815,
Tripura,2003,50,
Uttar Pradesh,2003,8259,
Uttarakhand,2003,216,
West Bengal,2003,1416,
Andaman & Nicobar Islands,2004,2,
Andhra Pradesh,2004,1458,
Arunachal Pradesh,2004,0,
Assam,2004,183,
Bihar,2004,3212,
Chandigarh,2004,8,
Chhattisgarh,2004,332,
Dadra & Nagar Haveli,2004,2,
Daman & Diu,2004,0,
Delhi,2004,809,
Goa,2004,9,
Gujarat,2004,551,
Haryana,2004,804,
Himachal Pradesh,2004,36,
Jammu & Kashmir,2004,31,
Jharkhand,2004,713,
Karnataka,2004,916,
Kerala,2004,171,
Lakshadweep,2004,0,
Madhya Pradesh,2004,2390,
Maharashtra,2004,3327,
Manipur,2004,0,
Meghalaya,2004,0,
Mizoram,2004,0,
Nagaland,2004,0,
Odisha,2004,1194,
Puducherry,2004,9,
Punjab,2004,366,
Rajasthan,2004,1581,
Sikkim,2004,0,
Tamil Nadu,2004,783,
Tripura,2004,60,
Uttar Pradesh,2004,8198,
Uttarakhand,2004,243,
West Bengal,2004,1542,
Andaman & Nicobar Islands,2005,1,
Andhra Pradesh,2005,1522,
Arunachal Pradesh,2005,0,
Assam,2005,212,
Bihar,2005,3451,
Chandigarh,2005,10,
Chhattisgarh,2005,333,
Dadra & Nagar Haveli,2005,2,
Daman & Diu,2005,2,
Delhi,2005,832,
Goa,2005,8,
Gujarat,2005,544,
Haryana,2005,706,
Himachal Pradesh,2005,30,
Jammu & Kashmir,2005,25,
Jharkhand,2005,681,
Karnataka,2005,915,
Kerala,2005,176,
Lakshadweep,2005,0,
Madhya Pradesh,2005,2335,
Maharashtra,2005,3341,
Manipur,2005,0,
Meghalaya,2005,0,
Mizoram,2005,4,
Nagaland,2005,0,
Odisha,2005,1216,
Puducherry,2005,10,
Punjab,2005,360,
Rajasthan,2005,1565,
Sikkim,2005,0,
Tamil Nadu,2005,813,
Tripura,2005,79,
Uttar Pradesh,2005,8062,
Uttarakhand,2005,248,
West Bengal,2005,1737,
Andaman & Nicobar Islands,2006,1,
Andhra Pradesh,2006,1398,
Arunachal Pradesh,2006,0,
Assam,2006,248,
Bihar,2006,3696,
Chandigarh,2006,13,
Chhattisgarh,2006,367,
Dadra & Nagar Haveli,2006,1,
Daman & Diu,2006,2,
Delhi,2006,841,
Goa,2006,7,
Gujarat,2006,522,
Haryana,2006,673,
Himachal Pradesh,2006,30,
Jammu & Kashmir,2006,31,
Jharkhand,2006,755,
Karnataka,2006,804,
Kerala,2006,163,
Lakshadweep,2006,0,
Madhya Pradesh,2006,2313,
Maharashtra,2006,3413,
Manipur,2006,0,
Meghalaya,2006,3,
Mizoram,2006,2,
Nagaland,2006,0,
Odisha,2006,1323,
Puducherry,2006,17,
Punjab,2006,401,
Rajasthan,2006,1626,
Sikkim,2006,0,
Tamil Nadu,2006,740,
Tripura,2006,88,
Uttar Pradesh,2006,8125,
Uttarakhand,2006,256,
West Bengal,2006,1854,
Andaman & Nicobar Islands,2007,1,
Andhra Pradesh,2007,1617,
Arunachal Pradesh,2007,0,
Assam,2007,267,
Bihar,2007,4073,
Chandigarh,2007,12,
Chhattisgarh,2007,398,
Dadra & Nagar Haveli,2007,1,
Daman & Diu,2007,3,
Delhi,2007,844,
Goa,2007,5,
Gujarat,2007,525,
Haryana,2007,711,
Himachal Pradesh,2007,30,
Jammu & Kashmir,2007,36,
Jharkhand,2007,714,
Karnataka,2007,709,
Kerala,2007,165,
Lakshadweep,2007,0,
Madhya Pradesh,2007,2366,
Maharashtra,2007,3517,
Manipur,2007,0,
Meghalaya,2007,4,
Mizoram,2007,0,
Nagaland,2007,0,
Odisha,2007,1446,
Puducherry,2007,16,
Punjab,2007,449,
Rajasthan,2007,1659,
Sikkim,2007,0,
Tamil Nadu,2007,765,
Tripura,2007,90,
Uttar Pradesh,2007,8463,
Uttarakhand,2007,296,
West Bengal,2007,2049,
Andaman & Nicobar Islands,2008,3,
Andhra Pradesh,2008,1532,
Arunachal Pradesh,2008,0,
Assam,2008,291,
Bihar,2008,4209,
Chandigarh,2008,11,
Chhattisgarh,2008,401,
Dadra & Nagar Haveli,2008,1,
Daman & Diu,2008,3,
Delhi,2008,820,
Goa,2008,8,
Gujarat,2008,520,
Haryana,2008,746,
Himachal Pradesh,2008,31,
Jammu & Kashmir,2008,47,
Jharkhand,2008,644,
Karnataka,2008,745,
Kerala,2008,162,
Lakshadweep,2008,0,
Madhya Pradesh,2008,2458,
Maharashtra,2008,3626,
Manipur,2008,0,
Meghalaya,2008,5,
Mizoram,2008,0,
Nagaland,2008,0,
Odisha,2008,1605,
Puducherry,2008,12,
Punjab,2008,440,
Rajasthan,2008,1760,
Sikkim,2008,0,
Tamil Nadu,2008,734,
Tripura,2008,90,
Uttar Pradesh,2008,8724,
Uttarakhand,2008,289,
West Bengal,2008,2033,
Andaman & Nicobar Islands,2009,4,
Andhra Pradesh,2009,1583,
Arunachal Pradesh,2009,0,
Assam,2009,342,
Bihar,2009,4220,
Chandigarh,2009,10,
Chhattisgarh,2009,460,
Dadra & Nagar Haveli,2009,1,
Daman & Diu,2009,1,
Delhi,2009,938,
Goa,2009,10,
Gujarat,2009,523,
Haryana,2009,756,
Himachal Pradesh,2009,25,
Jammu & Kashmir,2009,63,
Jharkhand,2009,700,
Karnataka,2009,763,
Kerala,2009,172,
Lakshadweep,2009,0,
Madhya Pradesh,2009,2697,
Maharashtra,2009,3682,
Manipur,2009,0,
Meghalaya,2009,5,
Mizoram,2009,0,
Nagaland,2009,0,
Odisha,2009,1700,
Puducherry,2009,15,
Punjab,2009,452,
Rajasthan,2009,1822,
Sikkim,2009,0,
Tamil Nadu,2009,740,
Tripura,2009,102,
Uttar Pradesh,2009,8723,
Uttarakhand,2009,318,
West Bengal,2009,2075,
Andaman & Nicobar Islands,2010,4,
Andhra Pradesh,2010,1685,
Arunachal Pradesh,2010,0,
Assam,2010,430,
Bihar,2010,4458,
Chandigarh,2010,11,
Chhattisgarh,2010,464,
Dadra & Nagar Haveli,2010,1,
Daman & Diu,2010,1,
Delhi,2010,996,
Goa,2010,8,
Gujarat,2010,518,
Haryana,2010,768,
Himachal Pradesh,2010,23,
Jammu & Kashmir,2010,64,
Jharkhand,2010,699,
Karnataka,2010,846,
Kerala,2010,177,
Lakshadweep,2010,0,
Madhya Pradesh,2010,2901,
Maharashtra,2010,3853,
Manipur,2010,0,
Meghalaya,2010,5,
Mizoram,2010,0,
Nagaland,2010,0,
Odisha,2010,1927,
Puducherry,2010,15,
Punjab,2010,389,
Rajasthan,2010,1910,
Sikkim,2010,0,
Tamil Nadu,2010,707,
Tripura,2010,104,
Uttar Pradesh,2010,8753,
Uttarakhand,2010,283,
West Bengal,2010,2332,
Andaman & Nicobar Islands,2001,98,
Andhra Pradesh,2001,7811,
Arunachal Pradesh,2001,182,
Assam,2001,1628,
Bihar,2001,1265,
Chandigarh,2001,72,
Chhattisgarh,2001,7353,
Dadra & Nagar Haveli,2001,18,
Daman & Diu,2001,0,
Delhi,2001,1294,
Goa,2001,84,
Gujarat,2001,5881,
Haryana,2001,2444,
Himachal Pradesh,2001,1301,
Jammu & Kashmir,2001,1718,
Jharkhand,2001,1373,
Karnataka,2001,4390,
Kerala,2001,6063,
Lakshadweep,2001,0,
Madhya Pradesh,2001,27553,
Maharashtra,2001,20571,
Manipur,2001,3,
Meghalaya,2001,102,
Mizoram,2001,112,
Nagaland,2001,14,
Odisha,2001,7775,
Puducherry,2001,65,
Punjab,2001,507,
Rajasthan,2001,10047,
Sikkim,2001,0,
Tamil Nadu,2001,4881,
Tripura,2001,174,
Uttar Pradesh,2001,8763,
Uttarakhand,2001,321,
West Bengal,2001,5373,
Andaman & Nicobar Islands,2002,110,
Andhra Pradesh,2002,7724,
Arunachal Pradesh,2002,200,
Assam,2002,1811,
Bihar,2002,1488,
Chandigarh,2002,77,
Chhattisgarh,2002,7999,
Dadra & Nagar Haveli,2002,17,
Daman & Diu,2002,0,
Delhi,2002,1356,
Goa,2002,57,
Gujarat,2002,5933,
Haryana,2002,2276,
Himachal Pradesh,2002,1282,
Jammu & Kashmir,2002,2106,
Jharkhand,2002,1538,
Karnataka,2002,4610,
Kerala,2002,6797,
Lakshadweep,2002,1,
Madhya Pradesh,2002,28398,
Maharashtra,2002,21094,
Manipur,2002,6,
Meghalaya,2002,106,
Mizoram,2002,55,
Nagaland,2002,15,
Odisha,2002,7938,
Puducherry,2002,99,
Punjab,2002,654,
Rajasthan,2002,10062,
Sikkim,2002,6,
Tamil Nadu,2002,4961,
Tripura,2002,256,
Uttar Pradesh,2002,8780,
Uttarakhand,2002,347,
West Bengal,2002,5929,
Andaman & Nicobar Islands,2003,112,
Andhra Pradesh,2003,8057,
Arunachal Pradesh,2003,212,
Assam,2003,1975,
Bihar,2003,1784,
Chandigarh,2003,66,
Chhattisgarh,2003,7306,
Dadra & Nagar Haveli,2003,17,
Daman & Diu,2003,2,
Delhi,2003,1670,
Goa,2003,53,
Gujarat,2003,6077,
Haryana,2003,2003,
Himachal Pradesh,2003,1347,
Jammu & Kashmir,2003,2604,
Jharkhand,2003,1401,
Karnataka,2003,4771,
Kerala,2003,7495,
Lakshadweep,2003,1,
Madhya Pradesh,2003,29232,
Maharashtra,2003,21331,
Manipur,2003,7,
Meghalaya,2003,113,
Mizoram,2003,164,
Nagaland,2003,16,
Odisha,2003,8741,
Puducherry,2003,124,
Punjab,2003,743,
Rajasthan,2003,10130,
Sikkim,2003,17,
Tamil Nadu,2003,5025,
Tripura,2003,292,
Uttar Pradesh,2003,7733,
Uttarakhand,2003,376,
West Bengal,2003,6031,
Andaman & Nicobar Islands,2004,111,
Andhra Pradesh,2004,8315,
Arunachal Pradesh,2004,252,
Assam,2004,2009,
Bihar,2004,2034,
Chandigarh,2004,70,
Chhattisgarh,2004,7689,
Dadra & Nagar Haveli,2004,22,
Daman & Diu,2004,3,
Delhi,2004,1869,
Goa,2004,56,
Gujarat,2004,6281,
Haryana,2004,1903,
Himachal Pradesh,2004,1382,
Jammu & Kashmir,2004,3117,
Jharkhand,2004,1304,
Karnataka,2004,4889,
Kerala,2004,8331,
Lakshadweep,2004,1,
Madhya Pradesh,2004,29749,
Maharashtra,2004,22043,
Manipur,2004,8,
Meghalaya,2004,113,
Mizoram,2004,170,
Nagaland,2004,20,
Odisha,2004,9342,
Puducherry,2004,135,
Punjab,2004,715,
Rajasthan,2004,10655,
Sikkim,2004,19,
Tamil Nadu,2004,5102,
Tripura,2004,355,
Uttar Pradesh,2004,7978,
Uttarakhand,2004,401,
West Bengal,2004,6794,
Andaman & Nicobar Islands,2005,108,
Andhra Pradesh,2005,8108,
Arunachal Pradesh,2005,295,
Assam,2005,2070,
Bihar,2005,2061,
Chandigarh,2005,79,
Chhattisgarh,2005,7510,
Dadra & Nagar Haveli,2005,22,
Daman & Diu,2005,4,
Delhi,2005,2181,
Goa,2005,58,
Gujarat,2005,6571,
Haryana,2005,1724,
Himachal Pradesh,2005,1303,
Jammu & Kashmir,2005,3281,
Jharkhand,2005,1079,
Karnataka,2005,4949,
Kerala,2005,8713,
Lakshadweep,2005,1,
Madhya Pradesh,2005,30115,
Maharashtra,2005,23252,
Manipur,2005,9,
Meghalaya,2005,124,
Mizoram,2005,119,
Nagaland,2005,7,
Odisha,2005,10100,
Puducherry,2005,147,
Punjab,2005,724,
Rajasthan,2005,10469,
Sikkim,2005,22,
Tamil Nadu,2005,4952,
Tripura,2005,410,
Uttar Pradesh,2005,7962,
Uttarakhand,2005,394,
West Bengal,2005,7843,
Andaman & Nicobar Islands,2006,119,
Andhra Pradesh,2006,8372,
Arunachal Pradesh,2006,288,
Assam,2006,2245,
Bihar,2006,2094,
Chandigarh,2006,86,
Chhattisgarh,2006,7459,
Dadra & Nagar Haveli,2006,20,
Daman & Diu,2006,5,
Delhi,2006,2701,
Goa,2006,71,
Gujarat,2006,6632,
Haryana,2006,1782,
Himachal Pradesh,2006,1221,
Jammu & Kashmir,2006,3622,
Jharkhand,2006,1261,
Karnataka,2006,5027,
Kerala,2006,9746,
Lakshadweep,2006,1,
Madhya Pradesh,2006,30328,
Maharashtra,2006,24468,
Manipur,2006,10,
Meghalaya,2006,151,
Mizoram,2006,155,
Nagaland,2006,8,
Odisha,2006,11281,
Puducherry,2006,156,
Punjab,2006,833,
Rajasthan,2006,10212,
Sikkim,2006,10,
Tamil Nadu,2006,4351,
Tripura,2006,458,
Uttar Pradesh,2006,8200,
Uttarakhand,2006,480,
West Bengal,2006,8602,
Andaman & Nicobar Islands,2007,135,
Andhra Pradesh,2007,9175,
Arunachal Pradesh,2007,310,
Assam,2007,2214,
Bihar,2007,2336,
Chandigarh,2007,87,
Chhattisgarh,2007,8088,
Dadra & Nagar Haveli,2007,18,
Daman & Diu,2007,5,
Delhi,2007,3249,
Goa,2007,66,
Gujarat,2007,7006,
Haryana,2007,1884,
Himachal Pradesh,2007,1300,
Jammu & Kashmir,2007,3929,
Jharkhand,2007,1272,
Karnataka,2007,5241,
Kerala,2007,10349,
Lakshadweep,2007,2,
Madhya Pradesh,2007,31626,
Maharashtra,2007,25679,
Manipur,2007,8,
Meghalaya,2007,160,
Mizoram,2007,77,
Nagaland,2007,9,
Odisha,2007,12699,
Puducherry,2007,218,
Punjab,2007,915,
Rajasthan,2007,9930,
Sikkim,2007,9,
Tamil Nadu,2007,4112,
Tripura,2007,609,
Uttar Pradesh,2007,8682,
Uttarakhand,2007,523,
West Bengal,2007,9098,
Andaman & Nicobar Islands,2008,153,
Andhra Pradesh,2008,8458,
Arunachal Pradesh,2008,353,
Assam,2008,2164,
Bihar,2008,2597,
Chandigarh,2008,91,
Chhattisgarh,2008,8698,
Dadra & Nagar Haveli,2008,16,
Daman & Diu,2008,5,
Delhi,2008,3707,
Goa,2008,82,
Gujarat,2008,7353,
Haryana,2008,1951,
Himachal Pradesh,2008,1308,
Jammu & Kashmir,2008,4228,
Jharkhand,2008,1155,
Karnataka,2008,5478,
Kerala,2008,10641,
Lakshadweep,2008,2,
Madhya Pradesh,2008,32145,
Maharashtra,2008,27204,
Manipur,2008,7,
Meghalaya,2008,173,
Mizoram,2008,89,
Nagaland,2008,14,
Odisha,2008,14169,
Puducherry,2008,237,
Punjab,2008,1039,
Rajasthan,2008,10045,
Sikkim,2008,16,
Tamil Nadu,2008,4230,
Tripura,2008,728,
Uttar Pradesh,2008,9413,
Uttarakhand,2008,482,
West Bengal,2008,9960,
Andaman & Nicobar Islands,2009,176,
Andhra Pradesh,2009,9212,
Arunachal Pradesh,2009,375,
Assam,2009,2366,
Bihar,2009,2622,
Chandigarh,2009,88,
Chhattisgarh,2009,8931,
Dadra & Nagar Haveli,2009,18,
Daman & Diu,2009,3,
Delhi,2009,3897,
Goa,2009,87,
Gujarat,2009,7451,
Haryana,2009,1992,
Himachal Pradesh,2009,1406,
Jammu & Kashmir,2009,4713,
Jharkhand,2009,1144,
Karnataka,2009,5840,
Kerala,2009,11122,
Lakshadweep,2009,2,
Madhya Pradesh,2009,31596,
Maharashtra,2009,28253,
Manipur,2009,9,
Meghalaya,2009,193,
Mizoram,2009,111,
Nagaland,2009,21,
Odisha,2009,15350,
Puducherry,2009,260,
Punjab,2009,1037,
Rajasthan,2009,10195,
Sikkim,2009,40,
Tamil Nadu,2009,4364,
Tripura,2009,978,
Uttar Pradesh,2009,9479,
Uttarakhand,2009,479,
West Bengal,2009,10988,
Andaman & Nicobar Islands,2010,194,
Andhra Pradesh,2010,9433,
Arunachal Pradesh,2010,401,
Assam,2010,2663,
Bihar,2010,2612,
Chandigarh,2010,95,
Chhattisgarh,2010,9417,
Dadra & Nagar Haveli,2010,23,
Daman & Diu,2010,6,
Delhi,2010,4056,
Goa,2010,107,
Gujarat,2010,7596,
Haryana,2010,2085,
Himachal Pradesh,2010,1557,
Jammu & Kashmir,2010,4963,
Jharkhand,2010,1083,
Karnataka,2010,6614,
Kerala,2010,12107,
Lakshadweep,2010,1,
Madhya Pradesh,2010,31262,
Maharashtra,2010,29413,
Manipur,2010,9,
Meghalaya,2010,210,
Mizoram,2010,129,
Nagaland,2010,24,
Odisha,2010,17186,
Puducherry,2010,275,
Punjab,2010,905,
Rajasthan,2010,10469,
Sikkim,2010,32,
Tamil Nadu,2010,4267,
Tripura,2010,1117,
Uttar Pradesh,2010,9718,
Uttarakhand,2010,477,
West Bengal,2010,12230,
Andaman & Nicobar Islands,2001,5,
Andhra Pradesh,2001,3272,
Arunachal Pradesh,2001,6,
Assam,2001,44,
Bihar,2001,98,
Chandigarh,2001,30,
Chhattisgarh,2001,966,
Dadra & Nagar Haveli,2001,1,
Daman & Diu,2001,0,
Delhi,2001,325,
Goa,2001,31,
Gujarat,2001,624,
Haryana,2001,976,
Himachal Pradesh,2001,92,
Jammu & Kashmir,2001,875,
Jharkhand,2001,60,
Karnataka,2001,193,
Kerala,2001,236,
Lakshadweep,2001,0,
Madhya Pradesh,2001,1832,
Maharashtra,2001,6235,
Manipur,2001,0,
Meghalaya,2001,3,
Mizoram,2001,0,
Nagaland,2001,0,
Odisha,2001,786,
Puducherry,2001,48,
Punjab,2001,50,
Rajasthan,2001,241,
Sikkim,2001,20,
Tamil Nadu,2001,1616,
Tripura,2001,0,
Uttar Pradesh,2001,6523,
Uttarakhand,2001,226,
West Bengal,2001,73,
Andaman & Nicobar Islands,2002,8,
Andhra Pradesh,2002,3697,
Arunachal Pradesh,2002,7,
Assam,2002,43,
Bihar,2002,82,
Chandigarh,2002,49,
Chhattisgarh,2002,927,
Dadra & Nagar Haveli,2002,1,
Daman & Diu,2002,1,
Delhi,2002,359,
Goa,2002,27,
Gujarat,2002,667,
Haryana,2002,1954,
Himachal Pradesh,2002,85,
Jammu & Kashmir,2002,967,
Jharkhand,2002,54,
Karnataka,2002,211,
Kerala,2002,274,
Lakshadweep,2002,0,
Madhya Pradesh,2002,2175,
Maharashtra,2002,6419,
Manipur,2002,0,
Meghalaya,2002,3,
Mizoram,2002,0,
Nagaland,2002,0,
Odisha,2002,775,
Puducherry,2002,46,
Punjab,2002,172,
Rajasthan,2002,219,
Sikkim,2002,19,
Tamil Nadu,2002,2187,
Tripura,2002,0,
Uttar Pradesh,2002,6276,
Uttarakhand,2002,252,
West Bengal,2002,73,
Andaman & Nicobar Islands,2003,10,
Andhra Pradesh,2003,3987,
Arunachal Pradesh,2003,7,
Assam,2003,41,
Bihar,2003,70,
Chandigarh,2003,34,
Chhattisgarh,2003,625,
Dadra & Nagar Haveli,2003,1,
Daman & Diu,2003,1,
Delhi,2003,416,
Goa,2003,25,
Gujarat,2003,688,
Haryana,2003,1905,
Himachal Pradesh,2003,93,
Jammu & Kashmir,2003,1025,
Jharkhand,2003,41,
Karnataka,2003,234,
Kerala,2003,284,
Lakshadweep,2003,0,
Madhya Pradesh,2003,2238,
Maharashtra,2003,6476,
Manipur,2003,0,
Meghalaya,2003,3,
Mizoram,2003,0,
Nagaland,2003,2,
Odisha,2003,877,
Puducherry,2003,51,
Punjab,2003,217,
Rajasthan,2003,169,
Sikkim,2003,5,
Tamil Nadu,2003,1432,
Tripura,2003,0,
Uttar Pradesh,2003,9014,
Uttarakhand,2003,282,
West Bengal,2003,75,
Andaman & Nicobar Islands,2004,12,
Andhra Pradesh,2004,3645,
Arunachal Pradesh,2004,7,
Assam,2004,31,
Bihar,2004,52,
Chandigarh,2004,41,
Chhattisgarh,2004,593,
Dadra & Nagar Haveli,2004,1,
Daman & Diu,2004,1,
Delhi,2004,473,
Goa,2004,27,
Gujarat,2004,785,
Haryana,2004,1494,
Himachal Pradesh,2004,95,
Jammu & Kashmir,2004,994,
Jharkhand,2004,27,
Karnataka,2004,244,
Kerala,2004,337,
Lakshadweep,2004,0,
Madhya Pradesh,2004,2295,
Maharashtra,2004,6555,
Manipur,2004,0,
Meghalaya,2004,3,
Mizoram,2004,0,
Nagaland,2004,0,
Odisha,2004,810,
Puducherry,2004,65,
Punjab,2004,170,
Rajasthan,2004,175,
Sikkim,2004,0,
Tamil Nadu,2004,1737,
Tripura,2004,0,
Uttar Pradesh,2004,8225,
Uttarakhand,2004,275,
West Bengal,2004,83,
Andaman & Nicobar Islands,2005,12,
Andhra Pradesh,2005,4295,
Arunachal Pradesh,2005,7,
Assam,2005,33,
Bihar,2005,49,
Chandigarh,2005,42,
Chhattisgarh,2005,456,
Dadra & Nagar Haveli,2005,1,
Daman & Diu,2005,1,
Delhi,2005,602,
Goa,2005,30,
Gujarat,2005,812,
Haryana,2005,1056,
Himachal Pradesh,2005,99,
Jammu & Kashmir,2005,1083,
Jharkhand,2005,35,
Karnataka,2005,158,
Kerala,2005,407,
Lakshadweep,2005,0,
Madhya Pradesh,2005,2340,
Maharashtra,2005,7059,
Manipur,2005,0,
Meghalaya,2005,3,
Mizoram,2005,1,
Nagaland,2005,0,
Odisha,2005,838,
Puducherry,2005,76,
Punjab,2005,101,
Rajasthan,2005,146,
Sikkim,2005,0,
Tamil Nadu,2005,1524,
Tripura,2005,1,
Uttar Pradesh,2005,8499,
Uttarakhand,2005,312,
West Bengal,2005,111,
Andaman & Nicobar Islands,2006,15,
Andhra Pradesh,2006,3992,
Arunachal Pradesh,2006,8,
Assam,2006,22,
Bihar,2006,77,
Chandigarh,2006,52,
Chhattisgarh,2006,466,
Dadra & Nagar Haveli,2006,2,
Daman & Diu,2006,1,
Delhi,2006,600,
Goa,2006,28,
Gujarat,2006,867,
Haryana,2006,1108,
Himachal Pradesh,2006,107,
Jammu & Kashmir,2006,1184,
Jharkhand,2006,29,
Karnataka,2006,127,
Kerala,2006,499,
Lakshadweep,2006,0,
Madhya Pradesh,2006,2421,
Maharashtra,2006,7468,
Manipur,2006,0,
Meghalaya,2006,3,
Mizoram,2006,3,
Nagaland,2006,1,
Odisha,2006,925,
Puducherry,2006,85,
Punjab,2006,122,
Rajasthan,2006,142,
Sikkim,2006,0,
Tamil Nadu,2006,1450,
Tripura,2006,0,
Uttar Pradesh,2006,8691,
Uttarakhand,2006,374,
West Bengal,2006,130,
Andaman & Nicobar Islands,2007,14,
Andhra Pradesh,2007,4950,
Arunachal Pradesh,2007,8,
Assam,2007,20,
Bihar,2007,59,
Chandigarh,2007,54,
Chhattisgarh,2007,475,
Dadra & Nagar Haveli,2007,2,
Daman & Diu,2007,1,
Delhi,2007,591,
Goa,2007,27,
Gujarat,2007,898,
Haryana,2007,1087,
Himachal Pradesh,2007,92,
Jammu & Kashmir,2007,1275,
Jharkhand,2007,14,
Karnataka,2007,121,
Kerala,2007,628,
Lakshadweep,2007,0,
Madhya Pradesh,2007,2438,
Maharashtra,2007,7931,
Manipur,2007,0,
Meghalaya,2007,3,
Mizoram,2007,0,
Nagaland,2007,1,
Odisha,2007,965,
Puducherry,2007,99,
Punjab,2007,90,
Rajasthan,2007,124,
Sikkim,2007,0,
Tamil Nadu,2007,1757,
Tripura,2007,4,
Uttar Pradesh,2007,9087,
Uttarakhand,2007,326,
West Bengal,2007,114,
Andaman & Nicobar Islands,2008,16,
Andhra Pradesh,2008,5292,
Arunachal Pradesh,2008,9,
Assam,2008,12,
Bihar,2008,59,
Chandigarh,2008,52,
Chhattisgarh,2008,509,
Dadra & Nagar Haveli,2008,2,
Daman & Diu,2008,1,
Delhi,2008,551,
Goa,2008,29,
Gujarat,2008,957,
Haryana,2008,1330,
Himachal Pradesh,2008,120,
Jammu & Kashmir,2008,1348,
Jharkhand,2008,22,
Karnataka,2008,101,
Kerala,2008,798,
Lakshadweep,2008,0,
Madhya Pradesh,2008,2448,
Maharashtra,2008,8435,
Manipur,2008,0,
Meghalaya,2008,3,
Mizoram,2008,0,
Nagaland,2008,1,
Odisha,2008,1144,
Puducherry,2008,94,
Punjab,2008,90,
Rajasthan,2008,113,
Sikkim,2008,0,
Tamil Nadu,2008,1806,
Tripura,2008,7,
Uttar Pradesh,2008,9831,
Uttarakhand,2008,543,
West Bengal,2008,119,
Andaman & Nicobar Islands,2009,20,
Andhra Pradesh,2009,6143,
Arunachal Pradesh,2009,11,
Assam,2009,15,
Bihar,2009,66,
Chandigarh,2009,46,
Chhattisgarh,2009,563,
Dadra & Nagar Haveli,2009,1,
Daman & Diu,2009,3,
Delhi,2009,557,
Goa,2009,32,
Gujarat,2009,992,
Haryana,2009,1421,
Himachal Pradesh,2009,139,
Jammu & Kashmir,2009,1530,
Jharkhand,2009,51,
Karnataka,2009,85,
Kerala,2009,1006,
Lakshadweep,2009,0,
Madhya Pradesh,2009,2461,
Maharashtra,2009,8719,
Manipur,2009,0,
Meghalaya,2009,5,
Mizoram,2009,1,
Nagaland,2009,0,
Odisha,2009,1209,
Puducherry,2009,94,
Punjab,2009,89,
Rajasthan,2009,107,
Sikkim,2009,0,
Tamil Nadu,2009,1543,
Tripura,2009,8,
Uttar Pradesh,2009,9207,
Uttarakhand,2009,728,
West Bengal,2009,144,
Andaman & Nicobar Islands,2010,27,
Andhra Pradesh,2010,6521,
Arunachal Pradesh,2010,11,
Assam,2010,15,
Bihar,2010,59,
Chandigarh,2010,34,
Chhattisgarh,2010,621,
Dadra & Nagar Haveli,2010,2,
Daman & Diu,2010,3,
Delhi,2010,570,
Goa,2010,39,
Gujarat,2010,1022,
Haryana,2010,1452,
Himachal Pradesh,2010,178,
Jammu & Kashmir,2010,1500,
Jharkhand,2010,34,
Karnataka,2010,78,
Kerala,2010,1307,
Lakshadweep,2010,0,
Madhya Pradesh,2010,2767,
Maharashtra,2010,9233,
Manipur,2010,0,
Meghalaya,2010,4,
Mizoram,2010,1,
Nagaland,2010,2,
Odisha,2010,1306,
Puducherry,2010,100,
Punjab,2010,77,
Rajasthan,2010,105,
Sikkim,2010,0,
Tamil Nadu,2010,1650,
Tripura,2010,9,
Uttar Pradesh,2010,6669,
Uttarakhand,2010,795,
West Bengal,2010,192,
Andaman & Nicobar Islands,2001,16,
Andhra Pradesh,2001,11423,
Arunachal Pradesh,2001,23,
Assam,2001,2225,
Bihar,2001,3390,
Chandigarh,2001,90,
Chhattisgarh,2001,2751,
Dadra & Nagar Haveli,2001,18,
Daman & Diu,2001,7,
Delhi,2001,458,
Goa,2001,54,
Gujarat,2001,17921,
Haryana,2001,3633,
Himachal Pradesh,2001,1163,
Jammu & Kashmir,2001,101,
Jharkhand,2001,1059,
Karnataka,2001,4938,
Kerala,2001,7788,
Lakshadweep,2001,0,
Madhya Pradesh,2001,10595,
Maharashtra,2001,45917,
Manipur,2001,0,
Meghalaya,2001,6,
Mizoram,2001,0,
Nagaland,2001,1,
Odisha,2001,3710,
Puducherry,2001,9,
Punjab,2001,1360,
Rajasthan,2001,13997,
Sikkim,2001,2,
Tamil Nadu,2001,1756,
Tripura,2001,312,
Uttar Pradesh,2001,14904,
Uttarakhand,2001,507,
West Bengal,2001,23046,
Andaman & Nicobar Islands,2002,13,
Andhra Pradesh,2002,12148,
Arunachal Pradesh,2002,34,
Assam,2002,2933,
Bihar,2002,3955,
Chandigarh,2002,108,
Chhattisgarh,2002,3147,
Dadra & Nagar Haveli,2002,23,
Daman & Diu,2002,8,
Delhi,2002,425,
Goa,2002,37,
Gujarat,2002,19360,
Haryana,2002,3914,
Himachal Pradesh,2002,1197,
Jammu & Kashmir,2002,118,
Jharkhand,2002,2254,
Karnataka,2002,5294,
Kerala,2002,8983,
Lakshadweep,2002,0,
Madhya Pradesh,2002,11935,
Maharashtra,2002,45428,
Manipur,2002,0,
Meghalaya,2002,6,
Mizoram,2002,2,
Nagaland,2002,1,
Odisha,2002,4096,
Puducherry,2002,11,
Punjab,2002,1740,
Rajasthan,2002,14876,
Sikkim,2002,3,
Tamil Nadu,2002,2156,
Tripura,2002,461,
Uttar Pradesh,2002,15880,
Uttarakhand,2002,536,
West Bengal,2002,25786,
Andaman & Nicobar Islands,2003,13,
Andhra Pradesh,2003,14036,
Arunachal Pradesh,2003,44,
Assam,2003,3417,
Bihar,2003,4616,
Chandigarh,2003,142,
Chhattisgarh,2003,3318,
Dadra & Nagar Haveli,2003,20,
Daman & Diu,2003,8,
Delhi,2003,681,
Goa,2003,44,
Gujarat,2003,21043,
Haryana,2003,4107,
Himachal Pradesh,2003,1218,
Jammu & Kashmir,2003,137,
Jharkhand,2003,2338,
Karnataka,2003,5601,
Kerala,2003,10021,
Lakshadweep,2003,0,
Madhya Pradesh,2003,12952,
Maharashtra,2003,44851,
Manipur,2003,1,
Meghalaya,2003,7,
Mizoram,2003,5,
Nagaland,2003,1,
Odisha,2003,4779,
Puducherry,2003,13,
Punjab,2003,2150,
Rajasthan,2003,15011,
Sikkim,2003,4,
Tamil Nadu,2003,2968,
Tripura,2003,568,
Uttar Pradesh,2003,13647,
Uttarakhand,2003,655,
West Bengal,2003,27898,
Andaman & Nicobar Islands,2004,14,
Andhra Pradesh,2004,14986,
Arunachal Pradesh,2004,47,
Assam,2004,3823,
Bihar,2004,4883,
Chandigarh,2004,189,
Chhattisgarh,2004,3574,
Dadra & Nagar Haveli,2004,23,
Daman & Diu,2004,9,
Delhi,2004,1226,
Goa,2004,53,
Gujarat,2004,23243,
Haryana,2004,4469,
Himachal Pradesh,2004,1242,
Jammu & Kashmir,2004,149,
Jharkhand,2004,2441,
Karnataka,2004,5666,
Kerala,2004,11285,
Lakshadweep,2004,1,
Madhya Pradesh,2004,13938,
Maharashtra,2004,45609,
Manipur,2004,3,
Meghalaya,2004,8,
Mizoram,2004,4,
Nagaland,2004,2,
Odisha,2004,5347,
Puducherry,2004,14,
Punjab,2004,2367,
Rajasthan,2004,16512,
Sikkim,2004,3,
Tamil Nadu,2004,3685,
Tripura,2004,715,
Uttar Pradesh,2004,14363,
Uttarakhand,2004,850,
West Bengal,2004,31719,
Andaman & Nicobar Islands,2005,12,
Andhra Pradesh,2005,17105,
Arunachal Pradesh,2005,54,
Assam,2005,4270,
Bihar,2005,5237,
Chandigarh,2005,245,
Chhattisgarh,2005,3706,
Dadra & Nagar Haveli,2005,23,
Daman & Diu,2005,10,
Delhi,2005,1337,
Goa,2005,56,
Gujarat,2005,25405,
Haryana,2005,4752,
Himachal Pradesh,2005,1228,
Jammu & Kashmir,2005,180,
Jharkhand,2005,2486,
Karnataka,2005,5780,
Kerala,2005,12192,
Lakshadweep,2005,2,
Madhya Pradesh,2005,14007,
Maharashtra,2005,46764,
Manipur,2005,4,
Meghalaya,2005,9,
Mizoram,2005,3,
Nagaland,2005,0,
Odisha,2005,5932,
Puducherry,2005,10,
Punjab,2005,2458,
Rajasthan,2005,17363,
Sikkim,2005,1,
Tamil Nadu,2005,4094,
Tripura,2005,964,
Uttar Pradesh,2005,14572,
Uttarakhand,2005,910,
West Bengal,2005,37354,
Andaman & Nicobar Islands,2006,20,
Andhra Pradesh,2006,17912,
Arunachal Pradesh,2006,59,
Assam,2006,4511,
Bihar,2006,5576,
Chandigarh,2006,275,
Chhattisgarh,2006,3875,
Dadra & Nagar Haveli,2006,22,
Daman & Diu,2006,12,
Delhi,2006,1668,
Goa,2006,61,
Gujarat,2006,28030,
Haryana,2006,5261,
Himachal Pradesh,2006,1162,
Jammu & Kashmir,2006,242,
Jharkhand,2006,1797,
Karnataka,2006,5970,
Kerala,2006,13353,
Lakshadweep,2006,1,
Madhya Pradesh,2006,14058,
Maharashtra,2006,48164,
Manipur,2006,4,
Meghalaya,2006,12,
Mizoram,2006,1,
Nagaland,2006,2,
Odisha,2006,6371,
Puducherry,2006,20,
Punjab,2006,2707,
Rajasthan,2006,18848,
Sikkim,2006,3,
Tamil Nadu,2006,3939,
Tripura,2006,1176,
Uttar Pradesh,2006,15263,
Uttarakhand,2006,1028,
West Bengal,2006,41968,
Andaman & Nicobar Islands,2007,30,
Andhra Pradesh,2007,21895,
Arunachal Pradesh,2007,68,
Assam,2007,4860,
Bihar,2007,5808,
Chandigarh,2007,310,
Chhattisgarh,2007,4198,
Dadra & Nagar Haveli,2007,22,
Daman & Diu,2007,14,
Delhi,2007,1853,
Goa,2007,65,
Gujarat,2007,31694,
Haryana,2007,6027,
Himachal Pradesh,2007,1245,
Jammu & Kashmir,2007,306,
Jharkhand,2007,1510,
Karnataka,2007,5956,
Kerala,2007,14693,
Lakshadweep,2007,1,
Madhya Pradesh,2007,14635,
Maharashtra,2007,50689,
Manipur,2007,4,
Meghalaya,2007,17,
Mizoram,2007,2,
Nagaland,2007,2,
Odisha,2007,6393,
Puducherry,2007,35,
Punjab,2007,2994,
Rajasthan,2007,20157,
Sikkim,2007,2,
Tamil Nadu,2007,4443,
Tripura,2007,1491,
Uttar Pradesh,2007,17050,
Uttarakhand,2007,1149,
West Bengal,2007,47982,
Andaman & Nicobar Islands,2008,47,
Andhra Pradesh,2008,23570,
Arunachal Pradesh,2008,75,
Assam,2008,5637,
Bihar,2008,6202,
Chandigarh,2008,316,
Chhattisgarh,2008,4556,
Dadra & Nagar Haveli,2008,25,
Daman & Diu,2008,18,
Delhi,2008,2217,
Goa,2008,63,
Gujarat,2008,35363,
Haryana,2008,6810,
Himachal Pradesh,2008,1305,
Jammu & Kashmir,2008,375,
Jharkhand,2008,1711,
Karnataka,2008,6674,
Kerala,2008,15728,
Lakshadweep,2008,1,
Madhya Pradesh,2008,14606,
Maharashtra,2008,53829,
Manipur,2008,4,
Meghalaya,2008,21,
Mizoram,2008,7,
Nagaland,2008,5,
Odisha,2008,6758,
Puducherry,2008,36,
Punjab,2008,3391,
Rajasthan,2008,21773,
Sikkim,2008,8,
Tamil Nadu,2008,4941,
Tripura,2008,1731,
Uttar Pradesh,2008,18821,
Uttarakhand,2008,1079,
West Bengal,2008,55713,
Andaman & Nicobar Islands,2009,61,
Andhra Pradesh,2009,25425,
Arunachal Pradesh,2009,87,
Assam,2009,7164,
Bihar,2009,6807,
Chandigarh,2009,311,
Chhattisgarh,2009,4994,
Dadra & Nagar Haveli,2009,18,
Daman & Diu,2009,16,
Delhi,2009,2908,
Goa,2009,66,
Gujarat,2009,37694,
Haryana,2009,7270,
Himachal Pradesh,2009,1438,
Jammu & Kashmir,2009,484,
Jharkhand,2009,1823,
Karnataka,2009,7837,
Kerala,2009,17173,
Lakshadweep,2009,3,
Madhya Pradesh,2009,15074,
Maharashtra,2009,56153,
Manipur,2009,4,
Meghalaya,2009,23,
Mizoram,2009,10,
Nagaland,2009,3,
Odisha,2009,7347,
Puducherry,2009,48,
Punjab,2009,3835,
Rajasthan,2009,24524,
Sikkim,2009,16,
Tamil Nadu,2009,4918,
Tripura,2009,2164,
Uttar Pradesh,2009,19763,
Uttarakhand,2009,1146,
West Bengal,2009,66748,
Andaman & Nicobar Islands,2010,67,
Andhra Pradesh,2010,28779,
Arunachal Pradesh,2010,89,
Assam,2010,8725,
Bihar,2010,6821,
Chandigarh,2010,314,
Chhattisgarh,2010,5318,
Dadra & Nagar Haveli,2010,19,
Daman & Diu,2010,14,
Delhi,2010,3450,
Goa,2010,63,
Gujarat,2010,39915,
Haryana,2010,7813,
Himachal Pradesh,2010,1455,
Jammu & Kashmir,2010,571,
Jharkhand,2010,1638,
Karnataka,2010,9002,
Kerala,2010,18967,
Lakshadweep,2010,2,
Madhya Pradesh,2010,15340,
Maharashtra,2010,58802,
Manipur,2010,4,
Meghalaya,2010,30,
Mizoram,2010,3,
Nagaland,2010,2,
Odisha,2010,8727,
Puducherry,2010,40,
Punjab,2010,3936,
Rajasthan,2010,27290,
Sikkim,2010,12,
Tamil Nadu,2010,4940,
Tripura,2010,2586,
Uttar Pradesh,2010,20233,
Uttarakhand,2010,1252,
West Bengal,2010,81124,
Andaman & Nicobar Islands,2001,0,
Andhra Pradesh,2001,2,
Arunachal Pradesh,2001,0,
Assam,2001,0,
Bihar,2001,66,
Chandigarh,2001,0,
Chhattisgarh,2001,0,
Dadra & Nagar Haveli,2001,0,
Daman & Diu,2001,0,
Delhi,2001,0,
Goa,2001,0,
Gujarat,2001,0,
Haryana,2001,0,
Himachal Pradesh,2001,0,
Jammu & Kashmir,2001,0,
Jharkhand,2001,12,
Karnataka,2001,0,
Kerala,2001,0,
Lakshadweep,2001,0,
Madhya Pradesh,2001,0,
Maharashtra,2001,1,
Manipur,2001,0,
Meghalaya,2001,0,
Mizoram,2001,0,
Nagaland,2001,0,
Odisha,2001,2,
Puducherry,2001,0,
Punjab,2001,0,
Rajasthan,2001,1,
Sikkim,2001,0,
Tamil Nadu,2001,13,
Tripura,2001,0,
Uttar Pradesh,2001,0,
Uttarakhand,2001,9,
West Bengal,2001,3,
Andaman & Nicobar Islands,2002,0,
Andhra Pradesh,2002,3,
Arunachal Pradesh,2002,0,
Assam,2002,0,
Bihar,2002,90,
Chandigarh,2002,0,
Chhattisgarh,2002,0,
Dadra & Nagar Haveli,2002,0,
Daman & Diu,2002,0,
Delhi,2002,0,
Goa,2002,0,
Gujarat,2002,0,
Haryana,2002,0,
Himachal Pradesh,2002,0,
Jammu & Kashmir,2002,0,
Jharkhand,2002,38,
Karnataka,2002,0,
Kerala,2002,0,
Lakshadweep,2002,0,
Madhya Pradesh,2002,0,
Maharashtra,2002,1,
Manipur,2002,0,
Meghalaya,2002,0,
Mizoram,2002,0,
Nagaland,2002,0,
Odisha,2002,2,
Puducherry,2002,0,
Punjab,2002,0,
Rajasthan,2002,1,
Sikkim,2002,0,
Tamil Nadu,2002,4,
Tripura,2002,0,
Uttar Pradesh,2002,0,
Uttarakhand,2002,1,
West Bengal,2002,4,
Andaman & Nicobar Islands,2003,0,
Andhra Pradesh,2003,8,
Arunachal Pradesh,2003,0,
Assam,2003,0,
Bihar,2003,123,
Chandigarh,2003,0,
Chhattisgarh,2003,0,
Dadra & Nagar Haveli,2003,0,
Daman & Diu,2003,0,
Delhi,2003,0,
Goa,2003,0,
Gujarat,2003,0,
Haryana,2003,0,
Himachal Pradesh,2003,0,
Jammu & Kashmir,2003,0,
Jharkhand,2003,8,
Karnataka,2003,0,
Kerala,2003,0,
Lakshadweep,2003,0,
Madhya Pradesh,2003,0,
Maharashtra,2003,0,
Manipur,2003,0,
Meghalaya,2003,0,
Mizoram,2003,0,
Nagaland,2003,0,
Odisha,2003,2,
Puducherry,2003,0,
Punjab,2003,0,
Rajasthan,2003,1,
Sikkim,2003,0,
Tamil Nadu,2003,0,
Tripura,2003,0,
Uttar Pradesh,2003,0,
Uttarakhand,2003,0,
West Bengal,2003,4,
Andaman & Nicobar Islands,2004,0,
Andhra Pradesh,2004,7,
Arunachal Pradesh,2004,0,
Assam,2004,0,
Bihar,2004,150,
Chandigarh,2004,0,
Chhattisgarh,2004,0,
Dadra & Nagar Haveli,2004,0,
Daman & Diu,2004,0,
Delhi,2004,0,
Goa,2004,0,
Gujarat,2004,0,
Haryana,2004,0,
Himachal Pradesh,2004,0,
Jammu & Kashmir,2004,0,
Jharkhand,2004,8,
Karnataka,2004,0,
Kerala,2004,0,
Lakshadweep,2004,0,
Madhya Pradesh,2004,0,
Maharashtra,2004,0,
Manipur,2004,0,
Meghalaya,2004,0,
Mizoram,2004,0,
Nagaland,2004,1,
Odisha,2004,2,
Puducherry,2004,0,
Punjab,2004,0,
Rajasthan,2004,2,
Sikkim,2004,0,
Tamil Nadu,2004,0,
Tripura,2004,0,
Uttar Pradesh,2004,2,
Uttarakhand,2004,0,
West Bengal,2004,5,
Andaman & Nicobar Islands,2005,0,
Andhra Pradesh,2005,4,
Arunachal Pradesh,2005,0,
Assam,2005,3,
Bihar,2005,186,
Chandigarh,2005,0,
Chhattisgarh,2005,0,
Dadra & Nagar Haveli,2005,0,
Daman & Diu,2005,0,
Delhi,2005,0,
Goa,2005,0,
Gujarat,2005,0,
Haryana,2005,0,
Himachal Pradesh,2005,0,
Jammu & Kashmir,2005,0,
Jharkhand,2005,9,
Karnataka,2005,0,
Kerala,2005,0,
Lakshadweep,2005,0,
Madhya Pradesh,2005,3,
Maharashtra,2005,0,
Manipur,2005,0,
Meghalaya,2005,0,
Mizoram,2005,0,
Nagaland,2005,0,
Odisha,2005,0,
Puducherry,2005,0,
Punjab,2005,0,
Rajasthan,2005,1,
Sikkim,2005,0,
Tamil Nadu,2005,0,
Tripura,2005,0,
Uttar Pradesh,2005,2,
Uttarakhand,2005,0,
West Bengal,2005,6,
Andaman & Nicobar Islands,2006,0,
Andhra Pradesh,2006,3,
Arunachal Pradesh,2006,0,
Assam,2006,3,
Bihar,2006,205,
Chandigarh,2006,0,
Chhattisgarh,2006,1,
Dadra & Nagar Haveli,2006,0,
Daman & Diu,2006,0,
Delhi,2006,0,
Goa,2006,0,
Gujarat,2006,0,
Haryana,2006,0,
Himachal Pradesh,2006,0,
Jammu & Kashmir,2006,0,
Jharkhand,2006,8,
Karnataka,2006,0,
Kerala,2006,0,
Lakshadweep,2006,0,
Madhya Pradesh,2006,3,
Maharashtra,2006,1,
Manipur,2006,0,
Meghalaya,2006,0,
Mizoram,2006,0,
Nagaland,2006,0,
Odisha,2006,0,
Puducherry,2006,0,
Punjab,2006,0,
Rajasthan,2006,3,
Sikkim,2006,0,
Tamil Nadu,2006,0,
Tripura,2006,0,
Uttar Pradesh,2006,0,
Uttarakhand,2006,0,
West Bengal,2006,16,
Andaman & Nicobar Islands,2007,0,
Andhra Pradesh,2007,1,
Arunachal Pradesh,2007,0,
Assam,2007,3,
Bihar,2007,234,
Chandigarh,2007,0,
Chhattisgarh,2007,1,
Dadra & Nagar Haveli,2007,0,
Daman & Diu,2007,0,
Delhi,2007,0,
Goa,2007,0,
Gujarat,2007,0,
Haryana,2007,0,
Himachal Pradesh,2007,0,
Jammu & Kashmir,2007,0,
Jharkhand,2007,8,
Karnataka,2007,0,
Kerala,2007,0,
Lakshadweep,2007,0,
Madhya Pradesh,2007,2,
Maharashtra,2007,1,
Manipur,2007,0,
Meghalaya,2007,0,
Mizoram,2007,0,
Nagaland,2007,0,
Odisha,2007,12,
Puducherry,2007,0,
Punjab,2007,0,
Rajasthan,2007,2,
Sikkim,2007,0,
Tamil Nadu,2007,0,
Tripura,2007,0,
Uttar Pradesh,2007,0,
Uttarakhand,2007,0,
West Bengal,2007,31,
Andaman & Nicobar Islands,2008,0,
Andhra Pradesh,2008,1,
Arunachal Pradesh,2008,0,
Assam,2008,3,
Bihar,2008,237,
Chandigarh,2008,0,
Chhattisgarh,2008,0,
Dadra & Nagar Haveli,2008,0,
Daman & Diu,2008,0,
Delhi,2008,0,
Goa,2008,0,
Gujarat,2008,0,
Haryana,2008,0,
Himachal Pradesh,2008,0,
Jammu & Kashmir,2008,0,
Jharkhand,2008,32,
Karnataka,2008,0,
Kerala,2008,0,
Lakshadweep,2008,0,
Madhya Pradesh,2008,2,
Maharashtra,2008,0,
Manipur,2008,0,
Meghalaya,2008,0,
Mizoram,2008,0,
Nagaland,2008,0,
Odisha,2008,12,
Puducherry,2008,0,
Punjab,2008,0,
Rajasthan,2008,2,
Sikkim,2008,0,
Tamil Nadu,2008,0,
Tripura,2008,0,
Uttar Pradesh,2008,0,
Uttarakhand,2008,0,
West Bengal,2008,32,
Andaman & Nicobar Islands,2009,0,
Andhra Pradesh,2009,1,
Arunachal Pradesh,2009,0,
Assam,2009,2,
Bihar,2009,233,
Chandigarh,2009,0,
Chhattisgarh,2009,0,
Dadra & Nagar Haveli,2009,0,
Daman & Diu,2009,0,
Delhi,2009,0,
Goa,2009,0,
Gujarat,2009,0,
Haryana,2009,0,
Himachal Pradesh,2009,0,
Jammu & Kashmir,2009,0,
Jharkhand,2009,14,
Karnataka,2009,0,
Kerala,2009,0,
Lakshadweep,2009,0,
Madhya Pradesh,2009,3,
Maharashtra,2009,0,
Manipur,2009,0,
Meghalaya,2009,1,
Mizoram,2009,0,
Nagaland,2009,0,
Odisha,2009,12,
Puducherry,2009,0,
Punjab,2009,0,
Rajasthan,2009,1,
Sikkim,2009,0,
Tamil Nadu,2009,0,
Tripura,2009,0,
Uttar Pradesh,2009,0,
Uttarakhand,2009,0,
West Bengal,2009,29,
Andaman & Nicobar Islands,2010,0,
Andhra Pradesh,2010,1,
Arunachal Pradesh,2010,0,
Assam,2010,2,
Bihar,2010,236,
Chandigarh,2010,0,
Chhattisgarh,2010,2,
Dadra & Nagar Haveli,2010,0,
Daman & Diu,2010,0,
Delhi,2010,0,
Goa,2010,0,
Gujarat,2010,0,
Haryana,2010,0,
Himachal Pradesh,2010,0,
Jammu & Kashmir,2010,0,
Jharkhand,2010,13,
Karnataka,2010,0,
Kerala,2010,0,
Lakshadweep,2010,0,
Madhya Pradesh,2010,8,
Maharashtra,2010,0,
Manipur,2010,0,
Meghalaya,2010,1,
Mizoram,2010,0,
Nagaland,2010,0,
Odisha,2010,14,
Puducherry,2010,0,
Punjab,2010,0,
Rajasthan,2010,1,
Sikkim,2010,0,
Tamil Nadu,2010,0,
Tripura,2010,0,
Uttar Pradesh,2010,0,
Uttarakhand,2010,0,
West Bengal,2010,26,
Andaman & Nicobar Islands,2001,0,5
Andhra Pradesh,2001,0,1739
Arunachal Pradesh,2001,0,1
Assam,2001,0,24
Bihar,2001,0,82
Chandigarh,2001,0,22
Chhattisgarh,2001,0,25
Dadra & Nagar Haveli,2001,0,0
Daman & Diu,2001,0,3
Delhi,2001,0,712
Goa,2001,0,90
Gujarat,2001,0,186
Haryana,2001,0,51
Himachal Pradesh,2001,0,2
Jammu & Kashmir,2001,0,10
Jharkhand,2001,0,11
Karnataka,2001,0,2067
Kerala,2001,0,361
Lakshadweep,2001,0,0
Madhya Pradesh,2001,0,84
Maharashtra,2001,0,2160
Manipur,2001,0,7
Meghalaya,2001,0,2
Mizoram,2001,0,4
Nagaland,2001,0,2
Odisha,2001,0,81
Puducherry,2001,0,48
Punjab,2001,0,47
Rajasthan,2001,0,373
Sikkim,2001,0,0
Tamil Nadu,2001,0,5539
Tripura,2001,0,0
Uttar Pradesh,2001,0,147
Uttarakhand,2001,0,3
West Bengal,2001,0,112
Andaman & Nicobar Islands,2002,0,5
Andhra Pradesh,2002,0,1260
Arunachal Pradesh,2002,0,1
Assam,2002,0,27
Bihar,2002,0,88
Chandigarh,2002,0,26
Chhattisgarh,2002,0,31
Dadra & Nagar Haveli,2002,0,0
Daman & Diu,2002,0,6
Delhi,2002,0,729
Goa,2002,0,49
Gujarat,2002,0,231
Haryana,2002,0,73
Himachal Pradesh,2002,0,4
Jammu & Kashmir,2002,0,13
Jharkhand,2002,0,15
Karnataka,2002,0,2055
Kerala,2002,0,402
Lakshadweep,2002,0,0
Madhya Pradesh,2002,0,67
Maharashtra,2002,0,2222
Manipur,2002,0,6
Meghalaya,2002,0,2
Mizoram,2002,0,0
Nagaland,2002,0,3
Odisha,2002,0,86
Puducherry,2002,0,32
Punjab,2002,0,76
Rajasthan,2002,0,379
Sikkim,2002,0,0
Tamil Nadu,2002,9,3967
Tripura,2002,0,0
Uttar Pradesh,2002,0,148
Uttarakhand,2002,0,0
West Bengal,2002,0,128
Andaman & Nicobar Islands,2003,0,5
Andhra Pradesh,2003,0,829
Arunachal Pradesh,2003,0,1
Assam,2003,0,32
Bihar,2003,0,81
Chandigarh,2003,0,28
Chhattisgarh,2003,0,33
Dadra & Nagar Haveli,2003,0,2
Daman & Diu,2003,0,0
Delhi,2003,0,720
Goa,2003,0,39
Gujarat,2003,0,307
Haryana,2003,0,125
Himachal Pradesh,2003,0,9
Jammu & Kashmir,2003,0,14
Jharkhand,2003,0,21
Karnataka,2003,0,2062
Kerala,2003,0,488
Lakshadweep,2003,0,0
Madhya Pradesh,2003,0,91
Maharashtra,2003,0,2319
Manipur,2003,0,0
Meghalaya,2003,0,1
Mizoram,2003,0,0
Nagaland,2003,0,3
Odisha,2003,0,88
Puducherry,2003,0,16
Punjab,2003,0,113
Rajasthan,2003,0,389
Sikkim,2003,0,0
Tamil Nadu,2003,0,3086
Tripura,2003,0,0
Uttar Pradesh,2003,0,166
Uttarakhand,2003,0,0
West Bengal,2003,0,230
Andaman & Nicobar Islands,2004,0,5
Andhra Pradesh,2004,0,942
Arunachal Pradesh,2004,0,1
Assam,2004,0,38
Bihar,2004,0,87
Chandigarh,2004,0,39
Chhattisgarh,2004,0,37
Dadra & Nagar Haveli,2004,0,0
Daman & Diu,2004,0,4
Delhi,2004,0,748
Goa,2004,0,41
Gujarat,2004,0,333
Haryana,2004,0,182
Himachal Pradesh,2004,0,11
Jammu & Kashmir,2004,0,18
Jharkhand,2004,0,24
Karnataka,2004,0,1953
Kerala,2004,0,544
Lakshadweep,2004,0,0
Madhya Pradesh,2004,0,99
Maharashtra,2004,0,2421
Manipur,2004,0,0
Meghalaya,2004,0,1
Mizoram,2004,0,3
Nagaland,2004,0,7
Odisha,2004,0,88
Puducherry,2004,0,8
Punjab,2004,0,129
Rajasthan,2004,0,430
Sikkim,2004,0,0
Tamil Nadu,2004,0,3547
Tripura,2004,0,0
Uttar Pradesh,2004,0,162
Uttarakhand,2004,0,4
West Bengal,2004,0,222
Andaman & Nicobar Islands,2005,0,5
Andhra Pradesh,2005,0,1299
Arunachal Pradesh,2005,0,1
Assam,2005,0,45
Bihar,2005,0,96
Chandigarh,2005,0,39
Chhattisgarh,2005,0,43
Dadra & Nagar Haveli,2005,0,2
Daman & Diu,2005,0,5
Delhi,2005,0,586
Goa,2005,0,56
Gujarat,2005,0,386
Haryana,2005,0,223
Himachal Pradesh,2005,0,14
Jammu & Kashmir,2005,0,18
Jharkhand,2005,0,29
Karnataka,2005,0,2023
Kerala,2005,0,643
Lakshadweep,2005,0,0
Madhya Pradesh,2005,0,106
Maharashtra,2005,0,2558
Manipur,2005,0,0
Meghalaya,2005,0,1
Mizoram,2005,0,2
Nagaland,2005,2,5
Odisha,2005,0,92
Puducherry,2005,0,7
Punjab,2005,0,149
Rajasthan,2005,0,479
Sikkim,2005,0,0
Tamil Nadu,2005,0,3581
Tripura,2005,0,0
Uttar Pradesh,2005,0,156
Uttarakhand,2005,0,6
West Bengal,2005,0,258
Andaman & Nicobar Islands,2006,0,5
Andhra Pradesh,2006,0,1390
Arunachal Pradesh,2006,0,1
Assam,2006,0,57
Bihar,2006,0,98
Chandigarh,2006,0,45
Chhattisgarh,2006,0,46
Dadra & Nagar Haveli,2006,0,2
Daman & Diu,2006,0,6
Delhi,2006,0,589
Goa,2006,0,44
Gujarat,2006,0,450
Haryana,2006,0,281
Himachal Pradesh,2006,0,15
Jammu & Kashmir,2006,0,22
Jharkhand,2006,0,35
Karnataka,2006,1,1666
Kerala,2006,0,696
Lakshadweep,2006,0,0
Madhya Pradesh,2006,0,109
Maharashtra,2006,0,2679
Manipur,2006,0,0
Meghalaya,2006,0,1
Mizoram,2006,0,1
Nagaland,2006,0,11
Odisha,2006,0,114
Puducherry,2006,0,8
Punjab,2006,0,168
Rajasthan,2006,0,559
Sikkim,2006,0,1
Tamil Nadu,2006,0,2273
Tripura,2006,0,0
Uttar Pradesh,2006,0,178
Uttarakhand,2006,0,5
West Bengal,2006,0,245
Andaman & Nicobar Islands,2007,0,5
Andhra Pradesh,2007,0,1557
Arunachal Pradesh,2007,0,1
Assam,2007,0,51
Bihar,2007,0,112
Chandigarh,2007,0,50
Chhattisgarh,2007,0,45
Dadra & Nagar Haveli,2007,0,2
Daman & Diu,2007,0,6
Delhi,2007,0,536
Goa,2007,0,24
Gujarat,2007,0,491
Haryana,2007,0,346
Himachal Pradesh,2007,0,14
Jammu & Kashmir,2007,0,24
Jharkhand,2007,0,44
Karnataka,2007,0,1727
Kerala,2007,0,803
Lakshadweep,2007,0,0
Madhya Pradesh,2007,0,112
Maharashtra,2007,0,2890
Manipur,2007,0,0
Meghalaya,2007,0,1
Mizoram,2007,0,0
Nagaland,2007,0,7
Odisha,2007,0,136
Puducherry,2007,0,10
Punjab,2007,0,191
Rajasthan,2007,0,586
Sikkim,2007,0,2
Tamil Nadu,2007,0,1596
Tripura,2007,0,0
Uttar Pradesh,2007,0,194
Uttarakhand,2007,0,12
West Bengal,2007,0,214
Andaman & Nicobar Islands,2008,0,6
Andhra Pradesh,2008,0,1486
Arunachal Pradesh,2008,0,1
Assam,2008,0,66
Bihar,2008,0,126
Chandigarh,2008,0,49
Chhattisgarh,2008,0,43
Dadra & Nagar Haveli,2008,0,6
Daman & Diu,2008,0,10
Delhi,2008,0,458
Goa,2008,0,33
Gujarat,2008,0,532
Haryana,2008,0,400
Himachal Pradesh,2008,0,13
Jammu & Kashmir,2008,0,27
Jharkhand,2008,0,44
Karnataka,2008,0,1700
Kerala,2008,0,914
Lakshadweep,2008,0,0
Madhya Pradesh,2008,0,101
Maharashtra,2008,0,3117
Manipur,2008,0,0
Meghalaya,2008,0,2
Mizoram,2008,0,1
Nagaland,2008,0,3
Odisha,2008,0,153
Puducherry,2008,0,7
Punjab,2008,0,196
Rajasthan,2008,0,628
Sikkim,2008,0,2
Tamil Nadu,2008,0,1388
Tripura,2008,0,0
Uttar Pradesh,2008,0,206
Uttarakhand,2008,0,14
West Bengal,2008,0,184
Andaman & Nicobar Islands,2009,0,6
Andhra Pradesh,2009,0,1499
Arunachal Pradesh,2009,0,1
Assam,2009,0,66
Bihar,2009,0,121
Chandigarh,2009,0,48
Chhattisgarh,2009,0,49
Dadra & Nagar Haveli,2009,0,7
Daman & Diu,2009,0,11
Delhi,2009,0,445
Goa,2009,0,38
Gujarat,2009,0,549
Haryana,2009,0,448
Himachal Pradesh,2009,0,16
Jammu & Kashmir,2009,0,31
Jharkhand,2009,0,40
Karnataka,2009,0,1584
Kerala,2009,0,991
Lakshadweep,2009,0,0
Madhya Pradesh,2009,0,109
Maharashtra,2009,0,3211
Manipur,2009,0,0
Meghalaya,2009,0,2
Mizoram,2009,0,1
Nagaland,2009,0,7
Odisha,2009,0,140
Puducherry,2009,0,15
Punjab,2009,0,205
Rajasthan,2009,0,556
Sikkim,2009,0,3
Tamil Nadu,2009,0,1233
Tripura,2009,0,0
Uttar Pradesh,2009,0,197
Uttarakhand,2009,0,16
West Bengal,2009,0,171
Andaman & Nicobar Islands,2010,0,6
Andhra Pradesh,2010,0,1466
Arunachal Pradesh,2010,0,1
Assam,2010,0,73
Bihar,2010,0,139
Chandigarh,2010,0,44
Chhattisgarh,2010,0,50
Dadra & Nagar Haveli,2010,0,8
Daman & Diu,2010,0,15
Delhi,2010,0,441
Goa,2010,0,40
Gujarat,2010,0,585
Haryana,2010,0,452
Himachal Pradesh,2010,0,16
Jammu & Kashmir,2010,0,31
Jharkhand,2010,0,21
Karnataka,2010,0,1571
Kerala,2010,0,1060
Lakshadweep,2010,0,0
Madhya Pradesh,2010,0,121
Maharashtra,2010,0,3241
Manipur,2010,0,0
Meghalaya,2010,0,3
Mizoram,2010,0,1
Nagaland,2010,0,5
Odisha,2010,0,138
Puducherry,2010,0,21
Punjab,2010,0,204
Rajasthan,2010,0,601
Sikkim,2010,0,4
Tamil Nadu,2010,0,1173
Tripura,2010,0,1
Uttar Pradesh,2010,0,182
Uttarakhand,2010,0,16
West Bengal,2010,0,202
Andaman & Nicobar Islands,2001,0,0
Andhra Pradesh,2001,0,2
Arunachal Pradesh,2001,0,0
Assam,2001,0,0
Bihar,2001,0,66
Chandigarh,2001,0,0
Chhattisgarh,2001,0,0
Dadra & Nagar Haveli,2001,0,0
Daman & Diu,2001,0,0
Delhi,2001,0,0
Goa,2001,0,0
Gujarat,2001,0,0
Haryana,2001,0,0
Himachal Pradesh,2001,0,0
Jammu & Kashmir,2001,0,0
Jharkhand,2001,0,12
Karnataka,2001,0,0
Kerala,2001,0,0
Lakshadweep,2001,0,0
Madhya Pradesh,2001,0,0
Maharashtra,2001,0,1
Manipur,2001,0,0
Meghalaya,2001,0,0
Mizoram,2001,0,0
Nagaland,2001,0,0
Odisha,2001,0,2
Puducherry,2001,0,0
Punjab,2001,0,0
Rajasthan,2001,0,1
Sikkim,2001,0,0
Tamil Nadu,2001,0,13
Tripura,2001,0,0
Uttar Pradesh,2001,0,0
Uttarakhand,2001,0,9
West Bengal,2001,0,3
Andaman & Nicobar Islands,2002,0,0
Andhra Pradesh,2002,0,3
Arunachal Pradesh,2002,0,0
Assam,2002,0,0
Bihar,2002,0,90
Chandigarh,2002,0,0
Chhattisgarh,2002,0,0
Dadra & Nagar Haveli,2002,0,0
Daman & Diu,2002,0,0
Delhi,2002,0,0
Goa,2002,0,0
Gujarat,2002,0,0
Haryana,2002,0,0
Himachal Pradesh,2002,0,0
Jammu & Kashmir,2002,0,0
Jharkhand,2002,0,38
Karnataka,2002,0,0
Kerala,2002,0,0
Lakshadweep,2002,0,0
Madhya Pradesh,2002,0,0
Maharashtra,2002,0,1
Manipur,2002,0,0
Meghalaya,2002,0,0
Mizoram,2002,0,0
Nagaland,2002,0,0
Odisha,2002,0,2
Puducherry,2002,0,0
Punjab,2002,0,0
Rajasthan,2002,0,1
Sikkim,2002,0,0
Tamil Nadu,2002,0,4
Tripura,2002,0,0
Uttar Pradesh,2002,0,0
Uttarakhand,2002,0,1
West Bengal,2002,0,4
Andaman & Nicobar Islands,2003,0,0
Andhra Pradesh,2003,0,8
Arunachal Pradesh,2003,0,0
Assam,2003,0,0
Bihar,2003,0,123
Chandigarh,2003,0,0
Chhattisgarh,2003,0,0
Dadra & Nagar Haveli,2003,0,0
Daman & Diu,2003,0,0
Delhi,2003,0,0
Goa,2003,0,0
Gujarat,2003,0,0
Haryana,2003,0,0
Himachal Pradesh,2003,0,0
Jammu & Kashmir,2003,0,0
Jharkhand,2003,0,8
Karnataka,2003,0,0
Kerala,2003,0,0
Lakshadweep,2003,0,0
Madhya Pradesh,2003,0,0
Maharashtra,2003,0,0
Manipur,2003,0,0
Meghalaya,2003,0,0
Mizoram,2003,0,0
Nagaland,2003,0,0
Odisha,2003,0,2
Puducherry,2003,0,0
Punjab,2003,0,0
Rajasthan,2003,0,1
Sikkim,2003,0,0
Tamil Nadu,2003,0,0
Tripura,2003,0,0
Uttar Pradesh,2003,0,0
Uttarakhand,2003,0,0
West Bengal,2003,0,4
Andaman & Nicobar Islands,2004,0,0
Andhra Pradesh,2004,0,7
Arunachal Pradesh,2004,0,0
Assam,2004,0,0
Bihar,2004,0,150
Chandigarh,2004,0,0
Chhattisgarh,2004,0,0
Dadra & Nagar Haveli,2004,0,0
Daman & Diu,2004,0,0
Delhi,2004,0,0
Goa,2004,0,0
Gujarat,2004,0,0
Haryana,2004,0,0
Himachal Pradesh,2004,0,0
Jammu & Kashmir,2004,0,0
Jharkhand,2004,0,8
Karnataka,2004,0,0
Kerala,2004,0,0
Lakshadweep,2004,0,0
Madhya Pradesh,2004,0,0
Maharashtra,2004,0,0
Manipur,2004,0,0
Meghalaya,2004,0,0
Mizoram,2004,0,0
Nagaland,2004,0,1
Odisha,2004,0,2
Puducherry,2004,0,0
Punjab,2004,0,0
Rajasthan,2004,0,2
Sikkim,2004,0,0
Tamil Nadu,2004,0,0
Tripura,2004,0,0
Uttar Pradesh,2004,0,2
Uttarakhand,2004,0,0
West Bengal,2004,0,5
Andaman & Nicobar Islands,2005,0,0
Andhra Pradesh,2005,0,4
Arunachal Pradesh,2005,0,0
Assam,2005,0,3
Bihar,2005,0,186
Chandigarh,2005,0,0
Chhattisgarh,2005,0,0
Dadra & Nagar Haveli,2005,0,0
Daman & Diu,2005,0,0
Delhi,2005,0,0
Goa,2005,0,0
Gujarat,2005,0,0
Haryana,2005,0,0
Himachal Pradesh,2005,0,0
Jammu & Kashmir,2005,0,0
Jharkhand,2005,0,9
Karnataka,2005,0,0
Kerala,2005,0,0
Lakshadweep,2005,0,0
Madhya Pradesh,2005,0,3
Maharashtra,2005,0,0
Manipur,2005,0,0
Meghalaya,2005,0,0
Mizoram,2005,0,0
Nagaland,2005,0,0
Odisha,2005,0,0
Puducherry,2005,0,0
Punjab,2005,0,0
Rajasthan,2005,0,1
Sikkim,2005,0,0
Tamil Nadu,2005,0,0
Tripura,2005,0,0
Uttar Pradesh,2005,0,2
Uttarakhand,2005,0,0
West Bengal,2005,0,6
Andaman & Nicobar Islands,2006,0,0
Andhra Pradesh,2006,0,3
Arunachal Pradesh,2006,0,0
Assam,2006,0,3
Bihar,2006,0,205
Chandigarh,2006,0,0
Chhattisgarh,2006,0,1
Dadra & Nagar Haveli,2006,0,0
Daman & Diu,2006,0,0
Delhi,2006,0,0
Goa,2006,0,0
Gujarat,2006,0,0
Haryana,2006,0,0
Himachal Pradesh,2006,0,0
Jammu & Kashmir,2006,0,0
Jharkhand,2006,0,8
Karnataka,2006,0,0
Kerala,2006,0,0
Lakshadweep,2006,0,0
Madhya Pradesh,2006,0,3
Maharashtra,2006,0,1
Manipur,2006,0,0
Meghalaya,2006,0,0
Mizoram,2006,0,0
Nagaland,2006,0,0
Odisha,2006,0,0
Puducherry,2006,0,0
Punjab,2006,0,0
Rajasthan,2006,0,3
Sikkim,2006,0,0
Tamil Nadu,2006,0,0
Tripura,2006,0,0
Uttar Pradesh,2006,0,0
Uttarakhand,2006,0,0
West Bengal,2006,0,16
Andaman & Nicobar Islands,2007,0,0
Andhra Pradesh,2007,0,1
Arunachal Pradesh,2007,0,0
Assam,2007,0,3
Bihar,2007,0,234
Chandigarh,2007,0,0
Chhattisgarh,2007,0,1
Dadra & Nagar Haveli,2007,0,0
Daman & Diu,2007,0,0
Delhi,2007,0,0
Goa,2007,0,0
Gujarat,2007,0,0
Haryana,2007,0,0
Himachal Pradesh,2007,0,0
Jammu & Kashmir,2007,0,0
Jharkhand,2007,0,8
Karnataka,2007,0,0
Kerala,2007,0,0
Lakshadweep,2007,0,0
Madhya Pradesh,2007,0,2
Maharashtra,2007,0,1
Manipur,2007,0,0
Meghalaya,2007,0,0
Mizoram,2007,0,0
Nagaland,2007,0,0
Odisha,2007,0,12
Puducherry,2007,0,0
Punjab,2007,0,0
Rajasthan,2007,0,2
Sikkim,2007,0,0
Tamil Nadu,2007,0,0
Tripura,2007,0,0
Uttar Pradesh,2007,0,0
Uttarakhand,2007,0,0
West Bengal,2007,0,31
Andaman & Nicobar Islands,2008,0,0
Andhra Pradesh,2008,0,1
Arunachal Pradesh,2008,0,0
Assam,2008,0,3
Bihar,2008,0,237
Chandigarh,2008,0,0
Chhattisgarh,2008,0,0
Dadra & Nagar Haveli,2008,0,0
Daman & Diu,2008,0,0
Delhi,2008,0,0
Goa,2008,0,0
Gujarat,2008,0,0
Haryana,2008,0,0
Himachal Pradesh,2008,0,0
Jammu & Kashmir,2008,0,0
Jharkhand,2008,0,32
Karnataka,2008,0,0
Kerala,2008,0,0
Lakshadweep,2008,0,0
Madhya Pradesh,2008,0,2
Maharashtra,2008,0,0
Manipur,2008,0,0
Meghalaya,2008,0,0
Mizoram,2008,0,0
Nagaland,2008,0,0
Odisha,2008,0,12
Puducherry,2008,0,0
Punjab,2008,0,0
Rajasthan,2008,0,2
Sikkim,2008,0,0
Tamil Nadu,2008,0,0
Tripura,2008,0,0
Uttar Pradesh,2008,0,0
Uttarakhand,2008,0,0
West Bengal,2008,0,32
Andaman & Nicobar Islands,2009,0,0
Andhra Pradesh,2009,0,1
Arunachal Pradesh,2009,0,0
Assam,2009,0,2
Bihar,2009,0,233
Chandigarh,2009,0,0
Chhattisgarh,2009,0,0
Dadra & Nagar Haveli,2009,0,0
Daman & Diu,2009,0,0
Delhi,2009,0,0
Goa,2009,0,0
Gujarat,2009,0,0
Haryana,2009,0,0
Himachal Pradesh,2009,0,0
Jammu & Kashmir,2009,0,0
Jharkhand,2009,0,14
Karnataka,2009,0,0
Kerala,2009,0,0
Lakshadweep,2009,0,0
Madhya Pradesh,2009,0,3
Maharashtra,2009,0,0
Manipur,2009,0,0
Meghalaya,2009,0,1
Mizoram,2009,0,0
Nagaland,2009,0,0
Odisha,2009,0,12
Puducherry,2009,0,0
Punjab,2009,0,0
Rajasthan,2009,0,1
Sikkim,2009,0,0
Tamil Nadu,2009,0,0
Tripura,2009,0,0
Uttar Pradesh,2009,0,0
Uttarakhand,2009,0,0
West Bengal,2009,0,29
Andaman & Nicobar Islands,2010,0,0
Andhra Pradesh,2010,0,1
Arunachal Pradesh,2010,0,0
Assam,2010,0,2
Bihar,2010,0,236
Chandigarh,2010,0,0
Chhattisgarh,2010,0,2
Dadra & Nagar Haveli,2010,0,0
Daman & Diu,2010,0,0
Delhi,2010,0,0
Goa,2010,0,0
Gujarat,2010,0,0
Haryana,2010,0,0
Himachal Pradesh,2010,0,0
Jammu & Kashmir,2010,0,0
Jharkhand,2010,0,13
Karnataka,2010,0,0
Kerala,2010,0,0
Lakshadweep,2010,0,0
Madhya Pradesh,2010,0,8
Maharashtra,2010,0,0
Manipur,2010,0,0
Meghalaya,2010,0,1
Mizoram,2010,0,0
Nagaland,2010,0,0
Odisha,2010,0,14
Puducherry,2010,0,0
Punjab,2010,0,0
Rajasthan,2010,0,1
Sikkim,2010,0,0
Tamil Nadu,2010,0,0
Tripura,2010,0,0
Uttar Pradesh,2010,0,0
Uttarakhand,2010,0,0
West Bengal,2010,0,26
Andaman & Nicobar Islands,2001,0,0
Andhra Pradesh,2001,0,928
Arunachal Pradesh,2001,0,0
Assam,2001,0,1
Bihar,2001,0,15
Chandigarh,2001,0,0
Chhattisgarh,2001,0,0
Dadra & Nagar Haveli,2001,0,0
Daman & Diu,2001,0,0
Delhi,2001,0,6
Goa,2001,0,0
Gujarat,2001,0,78
Haryana,2001,0,0
Himachal Pradesh,2001,0,0
Jammu & Kashmir,2001,0,0
Jharkhand,2001,0,0
Karnataka,2001,0,3
Kerala,2001,0,123
Lakshadweep,2001,0,0
Madhya Pradesh,2001,0,0
Maharashtra,2001,0,359
Manipur,2001,0,0
Meghalaya,2001,0,0
Mizoram,2001,0,0
Nagaland,2001,0,0
Odisha,2001,0,2
Puducherry,2001,0,1
Punjab,2001,0,6
Rajasthan,2001,0,83
Sikkim,2001,0,0
Tamil Nadu,2001,0,12
Tripura,2001,0,0
Uttar Pradesh,2001,0,17
Uttarakhand,2001,0,0
West Bengal,2001,0,1
Andaman & Nicobar Islands,2002,0,0
Andhra Pradesh,2002,0,2497
Arunachal Pradesh,2002,0,0
Assam,2002,0,3
Bihar,2002,0,9
Chandigarh,2002,0,1
Chhattisgarh,2002,0,0
Dadra & Nagar Haveli,2002,0,0
Daman & Diu,2002,0,0
Delhi,2002,0,6
Goa,2002,0,0
Gujarat,2002,0,81
Haryana,2002,0,0
Himachal Pradesh,2002,0,0
Jammu & Kashmir,2002,0,0
Jharkhand,2002,0,0
Karnataka,2002,0,3
Kerala,2002,0,120
Lakshadweep,2002,0,0
Madhya Pradesh,2002,0,0
Maharashtra,2002,0,67
Manipur,2002,0,0
Meghalaya,2002,0,0
Mizoram,2002,0,0
Nagaland,2002,0,0
Odisha,2002,0,2
Puducherry,2002,0,1
Punjab,2002,0,9
Rajasthan,2002,0,126
Sikkim,2002,0,0
Tamil Nadu,2002,0,6
Tripura,2002,0,0
Uttar Pradesh,2002,0,12
Uttarakhand,2002,0,0
West Bengal,2002,0,1
Andaman & Nicobar Islands,2003,0,0
Andhra Pradesh,2003,0,1164
Arunachal Pradesh,2003,0,0
Assam,2003,0,3
Bihar,2003,0,4
Chandigarh,2003,0,1
Chhattisgarh,2003,0,15
Dadra & Nagar Haveli,2003,0,0
Daman & Diu,2003,0,0
Delhi,2003,0,6
Goa,2003,0,0
Gujarat,2003,0,95
Haryana,2003,0,0
Himachal Pradesh,2003,0,0
Jammu & Kashmir,2003,0,0
Jharkhand,2003,0,0
Karnataka,2003,0,0
Kerala,2003,0,122
Lakshadweep,2003,0,0
Madhya Pradesh,2003,0,0
Maharashtra,2003,0,72
Manipur,2003,0,0
Meghalaya,2003,0,0
Mizoram,2003,0,0
Nagaland,2003,0,0
Odisha,2003,0,2
Puducherry,2003,0,1
Punjab,2003,0,9
Rajasthan,2003,0,195
Sikkim,2003,0,0
Tamil Nadu,2003,0,8
Tripura,2003,0,0
Uttar Pradesh,2003,0,6
Uttarakhand,2003,0,0
West Bengal,2003,0,0
Andaman & Nicobar Islands,2004,0,0
Andhra Pradesh,2004,0,1155
Arunachal Pradesh,2004,0,0
Assam,2004,0,3
Bihar,2004,0,0
Chandigarh,2004,0,1
Chhattisgarh,2004,0,2
Dadra & Nagar Haveli,2004,0,0
Daman & Diu,2004,0,0
Delhi,2004,0,6
Goa,2004,0,0
Gujarat,2004,0,93
Haryana,2004,0,0
Himachal Pradesh,2004,0,2
Jammu & Kashmir,2004,0,0
Jharkhand,2004,0,0
Karnataka,2004,0,0
Kerala,2004,0,135
Lakshadweep,2004,0,0
Madhya Pradesh,2004,0,0
Maharashtra,2004,0,77
Manipur,2004,0,0
Meghalaya,2004,0,0
Mizoram,2004,0,0
Nagaland,2004,0,0
Odisha,2004,0,2
Puducherry,2004,0,1
Punjab,2004,0,8
Rajasthan,2004,0,256
Sikkim,2004,0,0
Tamil Nadu,2004,0,78
Tripura,2004,0,0
Uttar Pradesh,2004,0,6
Uttarakhand,2004,0,0
West Bengal,2004,0,0
Andaman & Nicobar Islands,2005,0,0
Andhra Pradesh,2005,0,2773
Arunachal Pradesh,2005,0,0
Assam,2005,0,0
Bihar,2005,0,20
Chandigarh,2005,0,1
Chhattisgarh,2005,0,2
Dadra & Nagar Haveli,2005,0,0
Daman & Diu,2005,0,0
Delhi,2005,0,6
Goa,2005,0,0
Gujarat,2005,0,90
Haryana,2005,0,0
Himachal Pradesh,2005,0,2
Jammu & Kashmir,2005,0,0
Jharkhand,2005,0,2
Karnataka,2005,0,0
Kerala,2005,0,190
Lakshadweep,2005,0,0
Madhya Pradesh,2005,0,0
Maharashtra,2005,0,86
Manipur,2005,0,0
Meghalaya,2005,0,0
Mizoram,2005,0,0
Nagaland,2005,0,0
Odisha,2005,0,2
Puducherry,2005,0,0
Punjab,2005,0,5
Rajasthan,2005,0,319
Sikkim,2005,0,0
Tamil Nadu,2005,0,85
Tripura,2005,0,0
Uttar Pradesh,2005,0,6
Uttarakhand,2005,0,0
West Bengal,2005,0,23
Andaman & Nicobar Islands,2006,0,0
Andhra Pradesh,2006,0,1436
Arunachal Pradesh,2006,0,0
Assam,2006,0,0
Bihar,2006,0,20
Chandigarh,2006,0,1
Chhattisgarh,2006,0,2
Dadra & Nagar Haveli,2006,0,0
Daman & Diu,2006,0,0
Delhi,2006,0,7
Goa,2006,0,0
Gujarat,2006,0,81
Haryana,2006,0,0
Himachal Pradesh,2006,0,2
Jammu & Kashmir,2006,0,0
Jharkhand,2006,0,3
Karnataka,2006,0,0
Kerala,2006,0,219
Lakshadweep,2006,0,0
Madhya Pradesh,2006,0,2
Maharashtra,2006,0,69
Manipur,2006,0,0
Meghalaya,2006,0,0
Mizoram,2006,0,0
Nagaland,2006,0,0
Odisha,2006,0,2
Puducherry,2006,0,0
Punjab,2006,0,5
Rajasthan,2006,0,397
Sikkim,2006,0,0
Tamil Nadu,2006,0,85
Tripura,2006,0,0
Uttar Pradesh,2006,0,1
Uttarakhand,2006,0,0
West Bengal,2006,0,23
Andaman & Nicobar Islands,2007,0,0
Andhra Pradesh,2007,0,1093
Arunachal Pradesh,2007,0,0
Assam,2007,0,0
Bihar,2007,0,48
Chandigarh,2007,0,1
Chhattisgarh,2007,0,0
Dadra & Nagar Haveli,2007,0,0
Daman & Diu,2007,0,0
Delhi,2007,0,7
Goa,2007,0,0
Gujarat,2007,0,80
Haryana,2007,0,0
Himachal Pradesh,2007,0,2
Jammu & Kashmir,2007,0,0
Jharkhand,2007,0,3
Karnataka,2007,0,0
Kerala,2007,0,197
Lakshadweep,2007,0,0
Madhya Pradesh,2007,0,2
Maharashtra,2007,0,70
Manipur,2007,0,0
Meghalaya,2007,0,0
Mizoram,2007,0,0
Nagaland,2007,0,0
Odisha,2007,0,2
Puducherry,2007,0,0
Punjab,2007,0,5
Rajasthan,2007,0,486
Sikkim,2007,0,0
Tamil Nadu,2007,0,69
Tripura,2007,0,0
Uttar Pradesh,2007,0,1
Uttarakhand,2007,0,0
West Bengal,2007,0,30
Andaman & Nicobar Islands,2008,0,0
Andhra Pradesh,2008,0,1044
Arunachal Pradesh,2008,0,0
Assam,2008,0,0
Bihar,2008,0,48
Chandigarh,2008,0,1
Chhattisgarh,2008,0,0
Dadra & Nagar Haveli,2008,0,0
Daman & Diu,2008,0,0
Delhi,2008,0,7
Goa,2008,0,0
Gujarat,2008,0,79
Haryana,2008,0,0
Himachal Pradesh,2008,0,0
Jammu & Kashmir,2008,0,0
Jharkhand,2008,0,0
Karnataka,2008,0,0
Kerala,2008,0,160
Lakshadweep,2008,0,0
Madhya Pradesh,2008,0,1
Maharashtra,2008,0,69
Manipur,2008,0,0
Meghalaya,2008,0,0
Mizoram,2008,0,0
Nagaland,2008,0,0
Odisha,2008,0,2
Puducherry,2008,0,0
Punjab,2008,0,4
Rajasthan,2008,0,539
Sikkim,2008,0,0
Tamil Nadu,2008,0,51
Tripura,2008,0,0
Uttar Pradesh,2008,0,0
Uttarakhand,2008,0,0
West Bengal,2008,0,34
Andaman & Nicobar Islands,2009,0,0
Andhra Pradesh,2009,0,798
Arunachal Pradesh,2009,0,0
Assam,2009,0,0
Bihar,2009,0,48
Chandigarh,2009,0,1
Chhattisgarh,2009,0,1
Dadra & Nagar Haveli,2009,0,0
Daman & Diu,2009,0,0
Delhi,2009,0,7
Goa,2009,0,0
Gujarat,2009,0,78
Haryana,2009,0,0
Himachal Pradesh,2009,0,0
Jammu & Kashmir,2009,0,2
Jharkhand,2009,0,0
Karnataka,2009,0,0
Kerala,2009,0,153
Lakshadweep,2009,0,0
Madhya Pradesh,2009,0,1
Maharashtra,2009,0,64
Manipur,2009,0,0
Meghalaya,2009,0,0
Mizoram,2009,0,0
Nagaland,2009,0,0
Odisha,2009,0,2
Puducherry,2009,0,0
Punjab,2009,0,4
Rajasthan,2009,0,590
Sikkim,2009,0,0
Tamil Nadu,2009,0,25
Tripura,2009,0,0
Uttar Pradesh,2009,0,0
Uttarakhand,2009,0,0
West Bengal,2009,0,35
Andaman & Nicobar Islands,2010,0,0
Andhra Pradesh,2010,0,803
Arunachal Pradesh,2010,0,0
Assam,2010,0,0
Bihar,2010,0,48
Chandigarh,2010,0,1
Chhattisgarh,2010,0,2
Dadra & Nagar Haveli,2010,0,0
Daman & Diu,2010,0,0
Delhi,2010,0,7
Goa,2010,0,0
Gujarat,2010,0,77
Haryana,2010,0,0
Himachal Pradesh,2010,0,0
Jammu & Kashmir,2010,0,2
Jharkhand,2010,0,3
Karnataka,2010,0,0
Kerala,2010,0,153
Lakshadweep,2010,0,1
Madhya Pradesh,2010,0,1
Maharashtra,2010,0,55
Manipur,2010,0,0
Meghalaya,2010,0,0
Mizoram,2010,0,0
Nagaland,2010,0,0
Odisha,2010,0,2
Puducherry,2010,0,0
Punjab,2010,0,4
Rajasthan,2010,0,625
Sikkim,2010,0,0
Tamil Nadu,2010,0,14
Tripura,2010,0,0
Uttar Pradesh,2010,0,0
Uttarakhand,2010,0,0
West Bengal,2010,0,32
Andaman & Nicobar Islands,2001,0,0
Andhra Pradesh,2001,0,0
Arunachal Pradesh,2001,0,0
Assam,2001,0,0
Bihar,2001,0,0
Chandigarh,2001,0,0
Chhattisgarh,2001,0,0
Dadra & Nagar Haveli,2001,0,0
Daman & Diu,2001,0,0
Delhi,2001,0,0
Goa,2001,0,0
Gujarat,2001,0,0
Haryana,2001,0,0
Himachal Pradesh,2001,0,0
Jammu & Kashmir,2001,0,0
Jharkhand,2001,0,0
Karnataka,2001,0,0
Kerala,2001,0,0
Lakshadweep,2001,0,0
Madhya Pradesh,2001,0,0
Maharashtra,2001,0,0
Manipur,2001,0,0
Meghalaya,2001,0,0
Mizoram,2001,0,0
Nagaland,2001,0,0
Odisha,2001,0,0
Puducherry,2001,0,0
Punjab,2001,0,0
Rajasthan,2001,0,0
Sikkim,2001,0,0
Tamil Nadu,2001,0,0
Tripura,2001,0,0
Uttar Pradesh,2001,0,0
Uttarakhand,2001,0,0
West Bengal,2001,0,0
Andaman & Nicobar Islands,2002,0,0
Andhra Pradesh,2002,0,0
Arunachal Pradesh,2002,0,0
Assam,2002,0,0
Bihar,2002,0,0
Chandigarh,2002,0,0
Chhattisgarh,2002,0,0
Dadra & Nagar Haveli,2002,0,0
Daman & Diu,2002,0,0
Delhi,2002,0,0
Goa,2002,0,0
Gujarat,2002,0,0
Haryana,2002,0,0
Himachal Pradesh,2002,0,0
Jammu & Kashmir,2002,0,0
Jharkhand,2002,0,0
Karnataka,2002,0,0
Kerala,2002,0,0
Lakshadweep,2002,0,0
Madhya Pradesh,2002,0,0
Maharashtra,2002,0,0
Manipur,2002,0,0
Meghalaya,2002,0,0
Mizoram,2002,0,0
Nagaland,2002,0,0
Odisha,2002,0,0
Puducherry,2002,0,0
Punjab,2002,0,0
Rajasthan,2002,0,0
Sikkim,2002,0,0
Tamil Nadu,2002,0,0
Tripura,2002,0,0
Uttar Pradesh,2002,0,0
Uttarakhand,2002,0,0
West Bengal,2002,0,0
Andaman & Nicobar Islands,2003,0,0
Andhra Pradesh,2003,0,0
Arunachal Pradesh,2003,0,0
Assam,2003,0,0
Bihar,2003,0,0
Chandigarh,2003,0,0
Chhattisgarh,2003,0,0
Dadra & Nagar Haveli,2003,0,0
Daman & Diu,2003,0,0
Delhi,2003,0,0
Goa,2003,0,0
Gujarat,2003,0,0
Haryana,2003,0,0
Himachal Pradesh,2003,0,0
Jammu & Kashmir,2003,0,0
Jharkhand,2003,0,0
Karnataka,2003,0,0
Kerala,2003,0,0
Lakshadweep,2003,0,0
Madhya Pradesh,2003,0,0
Maharashtra,2003,0,0
Manipur,2003,0,0
Meghalaya,2003,0,0
Mizoram,2003,0,0
Nagaland,2003,0,0
Odisha,2003,0,0
Puducherry,2003,0,0
Punjab,2003,0,0
Rajasthan,2003,0,0
Sikkim,2003,0,0
Tamil Nadu,2003,0,0
Tripura,2003,0,0
Uttar Pradesh,2003,0,0
Uttarakhand,2003,0,0
West Bengal,2003,0,0
Andaman & Nicobar Islands,2004,0,0
Andhra Pradesh,2004,0,0
Arunachal Pradesh,2004,0,0
Assam,2004,0,0
Bihar,2004,0,0
Chandigarh,2004,0,0
Chhattisgarh,2004,0,0
Dadra & Nagar Haveli,2004,0,0
Daman & Diu,2004,0,0
Delhi,2004,0,0
Goa,2004,0,0
Gujarat,2004,0,0
Haryana,2004,0,0
Himachal Pradesh,2004,0,0
Jammu & Kashmir,2004,0,0
Jharkhand,2004,0,0
Karnataka,2004,0,0
Kerala,2004,0,0
Lakshadweep,2004,0,0
Madhya Pradesh,2004,0,0
Maharashtra,2004,0,0
Manipur,2004,0,0
Meghalaya,2004,0,0
Mizoram,2004,0,0
Nagaland,2004,0,0
Odisha,2004,0,0
Puducherry,2004,0,0
Punjab,2004,0,0
Rajasthan,2004,0,0
Sikkim,2004,0,0
Tamil Nadu,2004,0,0
Tripura,2004,0,0
Uttar Pradesh,2004,0,0
Uttarakhand,2004,0,0
West Bengal,2004,0,0
Andaman & Nicobar Islands,2005,0,0
Andhra Pradesh,2005,0,0
Arunachal Pradesh,2005,0,0
Assam,2005,0,0
Bihar,2005,0,0
Chandigarh,2005,0,0
Chhattisgarh,2005,0,0
Dadra & Nagar Haveli,2005,0,0
Daman & Diu,2005,0,0
Delhi,2005,0,0
Goa,2005,0,0
Gujarat,2005,0,0
Haryana,2005,0,0
Himachal Pradesh,2005,0,0
Jammu & Kashmir,2005,0,0
Jharkhand,2005,0,0
Karnataka,2005,0,0
Kerala,2005,0,0
Lakshadweep,2005,0,0
Madhya Pradesh,2005,0,0
Maharashtra,2005,0,0
Manipur,2005,0,0
Meghalaya,2005,0,0
Mizoram,2005,0,0
Nagaland,2005,0,0
Odisha,2005,0,0
Puducherry,2005,0,0
Punjab,2005,0,0
Rajasthan,2005,0,1
Sikkim,2005,0,0
Tamil Nadu,2005,0,0
Tripura,2005,0,0
Uttar Pradesh,2005,0,0
Uttarakhand,2005,0,0
West Bengal,2005,0,0
Andaman & Nicobar Islands,2006,0,0
Andhra Pradesh,2006,0,0
Arunachal Pradesh,2006,0,0
Assam,2006,0,0
Bihar,2006,0,0
Chandigarh,2006,0,0
Chhattisgarh,2006,0,0
Dadra & Nagar Haveli,2006,0,0
Daman & Diu,2006,0,0
Delhi,2006,0,0
Goa,2006,0,0
Gujarat,2006,0,0
Haryana,2006,0,0
Himachal Pradesh,2006,0,0
Jammu & Kashmir,2006,0,0
Jharkhand,2006,0,0
Karnataka,2006,0,0
Kerala,2006,0,0
Lakshadweep,2006,0,0
Madhya Pradesh,2006,0,0
Maharashtra,2006,0,0
Manipur,2006,0,0
Meghalaya,2006,0,0
Mizoram,2006,0,0
Nagaland,2006,0,0
Odisha,2006,0,0
Puducherry,2006,0,0
Punjab,2006,0,0
Rajasthan,2006,0,1
Sikkim,2006,0,0
Tamil Nadu,2006,0,0
Tripura,2006,0,0
Uttar Pradesh,2006,0,0
Uttarakhand,2006,0,0
West Bengal,2006,0,0
Andaman & Nicobar Islands,2007,0,0
Andhra Pradesh,2007,0,0
Arunachal Pradesh,2007,0,0
Assam,2007,0,0
Bihar,2007,0,0
Chandigarh,2007,0,0
Chhattisgarh,2007,0,0
Dadra & Nagar Haveli,2007,0,0
Daman & Diu,2007,0,0
Delhi,2007,0,0
Goa,2007,0,0
Gujarat,2007,0,0
Haryana,2007,0,0
Himachal Pradesh,2007,0,0
Jammu & Kashmir,2007,0,0
Jharkhand,2007,0,0
Karnataka,2007,0,0
Kerala,2007,0,0
Lakshadweep,2007,0,0
Madhya Pradesh,2007,0,0
Maharashtra,2007,0,0
Manipur,2007,0,0
Meghalaya,2007,0,0
Mizoram,2007,0,0
Nagaland,2007,0,0
Odisha,2007,0,0
Puducherry,2007,0,0
Punjab,2007,0,0
Rajasthan,2007,0,1
Sikkim,2007,0,0
Tamil Nadu,2007,0,0
Tripura,2007,0,0
Uttar Pradesh,2007,0,0
Uttarakhand,2007,0,0
West Bengal,2007,0,0
Andaman & Nicobar Islands,2008,0,0
Andhra Pradesh,2008,0,0
Arunachal Pradesh,2008,0,0
Assam,2008,0,0
Bihar,2008,0,0
Chandigarh,2008,0,0
Chhattisgarh,2008,0,1
Dadra & Nagar Haveli,2008,0,0
Daman & Diu,2008,0,0
Delhi,2008,0,0
Goa,2008,0,0
Gujarat,2008,0,0
Haryana,2008,0,0
Himachal Pradesh,2008,0,0
Jammu & Kashmir,2008,0,0
Jharkhand,2008,0,0
Karnataka,2008,0,0
Kerala,2008,0,0
Lakshadweep,2008,0,0
Madhya Pradesh,2008,0,0
Maharashtra,2008,0,0
Manipur,2008,0,0
Meghalaya,2008,0,0
Mizoram,2008,0,0
Nagaland,2008,0,0
Odisha,2008,0,0
Puducherry,2008,0,0
Punjab,2008,0,0
Rajasthan,2008,0,1
Sikkim,2008,0,0
Tamil Nadu,2008,0,0
Tripura,2008,0,0
Uttar Pradesh,2008,0,0
Uttarakhand,2008,0,0
West Bengal,2008,0,0
Andaman & Nicobar Islands,2009,0,0
Andhra Pradesh,2009,0,0
Arunachal Pradesh,2009,0,0
Assam,2009,0,0
Bihar,2009,0,0
Chandigarh,2009,0,0
Chhattisgarh,2009,0,1
Dadra & Nagar Haveli,2009,0,0
Daman & Diu,2009,0,0
Delhi,2009,0,0
Goa,2009,0,0
Gujarat,2009,0,0
Haryana,2009,0,0
Himachal Pradesh,2009,0,0
Jammu & Kashmir,2009,0,0
Jharkhand,2009,0,0
Karnataka,2009,0,0
Kerala,2009,0,0
Lakshadweep,2009,0,0
Madhya Pradesh,2009,0,0
Maharashtra,2009,0,0
Manipur,2009,0,0
Meghalaya,2009,0,0
Mizoram,2009,0,0
Nagaland,2009,0,0
Odisha,2009,0,0
Puducherry,2009,0,0
Punjab,2009,0,0
Rajasthan,2009,0,1
Sikkim,2009,0,0
Tamil Nadu,2009,0,0
Tripura,2009,0,0
Uttar Pradesh,2009,0,0
Uttarakhand,2009,0,0
West Bengal,2009,0,0
Andaman & Nicobar Islands,2010,0,0
Andhra Pradesh,2010,0,0
Arunachal Pradesh,2010,0,0
Assam,2010,0,0
Bihar,2010,0,0
Chandigarh,2010,0,0
Chhattisgarh,2010,0,0
Dadra & Nagar Haveli,2010,0,0
Daman & Diu,2010,0,0
Delhi,2010,0,0
Goa,2010,0,0
Gujarat,2010,0,0
Haryana,2010,0,0
Himachal Pradesh,2010,0,0
Jammu & Kashmir,2010,0,0
Jharkhand,2010,0,0
Karnataka,2010,0,0
Kerala,2010,0,0
Lakshadweep,2010,0,0
Madhya Pradesh,2010,0,0
Maharashtra,2010,0,0
Manipur,2010,0,0
Meghalaya,2010,0,0
Mizoram,2010,0,0
Nagaland,2010,0,0
Odisha,2010,0,0
Puducherry,2010,0,0
Punjab,2010,0,0
Rajasthan,2010,0,1
Sikkim,2010,0,0
Tamil Nadu,2010,0,0
Tripura,2010,0,0
Uttar Pradesh,2010,0,0
Uttarakhand,2010,0,0
West Bengal,2010,0,0
Andaman & Nicobar Islands,2001,184,
Andhra Pradesh,2001,32012,
Arunachal Pradesh,2001,739,
Assam,2001,8729,
Bihar,2001,17804,
Chandigarh,2001,338,
Chhattisgarh,2001,17105,
Dadra & Nagar Haveli,2001,69,
Daman & Diu,2001,18,
Delhi,2001,6580,
Goa,2001,379,
Gujarat,2001,32043,
Haryana,2001,9980,
Himachal Pradesh,2001,3301,
Jammu & Kashmir,2001,5782,
Jharkhand,2001,6563,
Karnataka,2001,16014,
Kerala,2001,17475,
Lakshadweep,2001,1,
Madhya Pradesh,2001,54992,
Maharashtra,2001,94926,
Manipur,2001,81,
Meghalaya,2001,441,
Mizoram,2001,258,
Nagaland,2001,102,
Odisha,2001,18692,
Puducherry,2001,218,
Punjab,2001,3488,
Rajasthan,2001,34889,
Sikkim,2001,32,
Tamil Nadu,2001,17863,
Tripura,2001,744,
Uttar Pradesh,2001,56141,
Uttarakhand,2001,1870,
West Bengal,2001,40107,
Andaman & Nicobar Islands,2002,193,
Andhra Pradesh,2002,34236,
Arunachal Pradesh,2002,812,
Assam,2002,9998,
Bihar,2002,19336,
Chandigarh,2002,396,
Chhattisgarh,2002,18477,
Dadra & Nagar Haveli,2002,79,
Daman & Diu,2002,17,
Delhi,2002,6091,
Goa,2002,256,
Gujarat,2002,33978,
Haryana,2002,10970,
Himachal Pradesh,2002,3345,
Jammu & Kashmir,2002,6478,
Jharkhand,2002,9099,
Karnataka,2002,16791,
Kerala,2002,19786,
Lakshadweep,2002,2,
Madhya Pradesh,2002,57920,
Maharashtra,2002,95309,
Manipur,2002,88,
Meghalaya,2002,456,
Mizoram,2002,198,
Nagaland,2002,114,
Odisha,2002,19549,
Puducherry,2002,240,
Punjab,2002,4216,
Rajasthan,2002,35344,
Sikkim,2002,40,
Tamil Nadu,2002,17585,
Tripura,2002,1042,
Uttar Pradesh,2002,57194,
Uttarakhand,2002,1932,
West Bengal,2002,44642,
Andaman & Nicobar Islands,2003,193,
Andhra Pradesh,2003,34997,
Arunachal Pradesh,2003,883,
Assam,2003,11455,
Bihar,2003,20829,
Chandigarh,2003,412,
Chhattisgarh,2003,16567,
Dadra & Nagar Haveli,2003,65,
Daman & Diu,2003,15,
Delhi,2003,6957,
Goa,2003,250,
Gujarat,2003,36140,
Haryana,2003,10640,
Himachal Pradesh,2003,3445,
Jammu & Kashmir,2003,7300,
Jharkhand,2003,8890,
Karnataka,2003,17454,
Kerala,2003,21841,
Lakshadweep,2003,2,
Madhya Pradesh,2003,60014,
Maharashtra,2003,95054,
Manipur,2003,88,
Meghalaya,2003,475,
Mizoram,2003,347,
Nagaland,2003,122,
Odisha,2003,21558,
Puducherry,2003,255,
Punjab,2003,4843,
Rajasthan,2003,34780,
Sikkim,2003,37,
Tamil Nadu,2003,16635,
Tripura,2003,1253,
Uttar Pradesh,2003,54230,
Uttarakhand,2003,2153,
West Bengal,2003,47486,
Andaman & Nicobar Islands,2004,196,
Andhra Pradesh,2004,36359,
Arunachal Pradesh,2004,976,
Assam,2004,12475,
Bihar,2004,21486,
Chandigarh,2004,505,
Chhattisgarh,2004,17346,
Dadra & Nagar Haveli,2004,72,
Daman & Diu,2004,23,
Delhi,2004,7932,
Goa,2004,281,
Gujarat,2004,38928,
Haryana,2004,10461,
Himachal Pradesh,2004,3496,
Jammu & Kashmir,2004,8172,
Jharkhand,2004,8804,
Karnataka,2004,17587,
Kerala,2004,24305,
Lakshadweep,2004,4,
Madhya Pradesh,2004,61397,
Maharashtra,2004,96828,
Manipur,2004,89,
Meghalaya,2004,502,
Mizoram,2004,346,
Nagaland,2004,158,
Odisha,2004,23209,
Puducherry,2004,283,
Punjab,2004,4998,
Rajasthan,2004,36575,
Sikkim,2004,34,
Tamil Nadu,2004,18604,
Tripura,2004,1546,
Uttar Pradesh,2004,54528,
Uttarakhand,2004,2432,
West Bengal,2004,53203,
Andaman & Nicobar Islands,2005,192,
Andhra Pradesh,2005,41038,
Arunachal Pradesh,2005,1079,
Assam,2005,13430,
Bihar,2005,22477,
Chandigarh,2005,572,
Chhattisgarh,2005,16684,
Dadra & Nagar Haveli,2005,74,
Daman & Diu,2005,29,
Delhi,2005,8477,
Goa,2005,304,
Gujarat,2005,41590,
Haryana,2005,10086,
Himachal Pradesh,2005,3427,
Jammu & Kashmir,2005,8743,
Jharkhand,2005,8692,
Karnataka,2005,17753,
Kerala,2005,25991,
Lakshadweep,2005,4,
Madhya Pradesh,2005,61682,
Maharashtra,2005,100147,
Manipur,2005,96,
Meghalaya,2005,548,
Mizoram,2005,211,
Nagaland,2005,109,
Odisha,2005,24604,
Puducherry,2005,305,
Punjab,2005,5062,
Rajasthan,2005,37131,
Sikkim,2005,46,
Tamil Nadu,2005,18807,
Tripura,2005,1931,
Uttar Pradesh,2005,54661,
Uttarakhand,2005,2603,
West Bengal,2005,61558,
Andaman & Nicobar Islands,2006,224,
Andhra Pradesh,2006,40701,
Arunachal Pradesh,2006,1106,
Assam,2006,14314,
Bihar,2006,23450,
Chandigarh,2006,648,
Chhattisgarh,2006,16961,
Dadra & Nagar Haveli,2006,72,
Daman & Diu,2006,34,
Delhi,2006,9430,
Goa,2006,307,
Gujarat,2006,44740,
Haryana,2006,11028,
Himachal Pradesh,2006,3228,
Jammu & Kashmir,2006,9704,
Jharkhand,2006,8605,
Karnataka,2006,17601,
Kerala,2006,28602,
Lakshadweep,2006,3,
Madhya Pradesh,2006,61600,
Maharashtra,2006,103740,
Manipur,2006,95,
Meghalaya,2006,620,
Mizoram,2006,288,
Nagaland,2006,79,
Odisha,2006,27507,
Puducherry,2006,353,
Punjab,2006,5708,
Rajasthan,2006,38450,
Sikkim,2006,54,
Tamil Nadu,2006,16253,
Tripura,2006,2239,
Uttar Pradesh,2006,56032,
Uttarakhand,2006,2994,
West Bengal,2006,68477,
Andaman & Nicobar Islands,2007,252,
Andhra Pradesh,2007,47423,
Arunachal Pradesh,2007,1185,
Assam,2007,15060,
Bihar,2007,25078,
Chandigarh,2007,686,
Chhattisgarh,2007,18121,
Dadra & Nagar Haveli,2007,75,
Daman & Diu,2007,35,
Delhi,2007,10189,
Goa,2007,292,
Gujarat,2007,49233,
Haryana,2007,12201,
Himachal Pradesh,2007,3385,
Jammu & Kashmir,2007,10561,
Jharkhand,2007,8381,
Karnataka,2007,18097,
Kerala,2007,31023,
Lakshadweep,2007,5,
Madhya Pradesh,2007,63763,
Maharashtra,2007,108960,
Manipur,2007,93,
Meghalaya,2007,651,
Mizoram,2007,207,
Nagaland,2007,76,
Odisha,2007,30300,
Puducherry,2007,460,
Punjab,2007,6358,
Rajasthan,2007,39639,
Sikkim,2007,72,
Tamil Nadu,2007,16279,
Tripura,2007,2860,
Uttar Pradesh,2007,59191,
Uttarakhand,2007,3163,
West Bengal,2007,76273,
Andaman & Nicobar Islands,2009,348,
Andhra Pradesh,2009,53939,
Arunachal Pradesh,2009,1372,
Assam,2009,18431,
Bihar,2009,27442,
Chandigarh,2009,651,
Chhattisgarh,2009,20222,
Dadra & Nagar Haveli,2009,92,
Daman & Diu,2009,37,
Delhi,2009,12250,
Goa,2009,365,
Gujarat,2009,56970,
Haryana,2009,14443,
Himachal Pradesh,2009,3866,
Jammu & Kashmir,2009,12029,
Jharkhand,2009,8476,
Karnataka,2009,21225,
Kerala,2009,35184,
Lakshadweep,2009,8,
Madhya Pradesh,2009,64910,
Maharashtra,2009,119842,
Manipur,2009,98,
Meghalaya,2009,761,
Mizoram,2009,280,
Nagaland,2009,91,
Odisha,2009,36238,
Puducherry,2009,536,
Punjab,2009,7757,
Rajasthan,2009,45437,
Sikkim,2009,152,
Tamil Nadu,2009,16800,
Tripura,2009,4147,
Uttar Pradesh,2009,64672,
Uttarakhand,2009,3621,
West Bengal,2009,99803,
Andaman & Nicobar Islands,2010,401,
Andhra Pradesh,2010,58828,
Arunachal Pradesh,2010,1440,
Assam,2010,21475,
Bihar,2010,28149,
Chandigarh,2010,624,
Chhattisgarh,2010,21278,
Dadra & Nagar Haveli,2010,102,
Daman & Diu,2010,43,
Delhi,2010,13237,
Goa,2010,406,
Gujarat,2010,60292,
Haryana,2010,15390,
Himachal Pradesh,2010,4098,
Jammu & Kashmir,2010,12267,
Jharkhand,2010,8127,
Karnataka,2010,23847,
Kerala,2010,38730,
Lakshadweep,2010,7,
Madhya Pradesh,2010,66646,
Maharashtra,2010,125253,
Manipur,2010,104,
Meghalaya,2010,838,
Mizoram,2010,318,
Nagaland,2010,102,
Odisha,2010,41335,
Puducherry,2010,568,
Punjab,2010,7562,
Rajasthan,2010,49429,
Sikkim,2010,160,
Tamil Nadu,2010,17143,
Tripura,2010,4819,
Uttar Pradesh,2010,63067,
Uttarakhand,2010,3821,
West Bengal,2010,118437,
